,T_CRmax,T_CLmax,T̅_CR,T̅_CL,,,,,,,,,,,T_CEmax,,T_FC,T_FR,T_FL,T_FB,T_FT,T_FEmax,T_FCmax,T_max,,T_Mmax,,,,,,,,,,,,
T_offset2,Max1R13_2,Max1L13_2,aveAllR13_2,aveAllL13_2,T_RC2,T_RC_Dry2,T_RC_Wet2,T_RC_Max2,T_LC2,T_LC_Dry2,T_LC_Wet2,T_LC_Max2,RCC2,LCC2,canthiMax2,canthi4Max2,T_FHCC2,T_FHRC2,T_FHLC2,T_FHBC2,T_FHTC2,T_FH_Max2,T_FHC_Max2,T_Max2,T_OR2,T_OR_Max2,,aveOralF,aveOralM,Gender,Age,Ethnicity,T_atm,Humidity,Distance,Cosmetics,Time,Date
-0.49,34.91,35.34,34.1,34.79,34.9,34.9,34.65,34.91,35.33,35.33,34.22,35.34,34.77,34.17,35.34,35.33,33.17,32.98,32.88,33.16,32.44,34.3,33.59,35.74,35.73,35.74,,36.85,36.59,Male,41-50,White,24,28,0.8,,12:43:46,16-11-2017
-0.56,33.79,34.57,32.73,33.95,34.54,34.09,34.54,34.56,34.54,34.54,33.72,34.57,33.45,33.31,34.57,34.57,33.95,33.61,33.3,33.99,33.75,34.6,34.26,35.45,35.19,35.24,,37,37.19,Female,31-40,Black or African-American,24,26,0.8,,15:22:48,16-11-2017
-0.84,35.83,35.62,34.48,34.89,35.81,35.81,35.65,35.83,35.63,35.63,35.34,35.65,35.37,34.7,35.83,35.8,34.71,34.82,34.79,34.68,34.7,35.12,35.12,36.23,36.21,36.23,,37.2,37.34,Female,21-30,White,24,26,0.8,,15:52:56,16-11-2017
-0.37,34.47,35.32,33.64,34.46,34.53,34.46,34.53,34.53,35.49,35.28,35.49,35.51,34.34,35.2,35.51,35.49,34.6,34.46,34.78,34.21,35.05,35.44,35.29,35.51,34.85,34.87,,36.85,37.09,Female,21-30,Black or African-American,24,27,0.8,,16:07:53,16-11-2017
-0.22,35.69,35.95,35.07,35.46,35.67,35.64,35.62,35.69,35.91,35.91,35.69,35.95,35.56,35.62,35.95,35.91,34.98,35.01,34.33,34.31,34.12,35.27,35.15,35.95,35.61,35.66,,36.8,37.04,Male,18-20,White,24,27,0.8,,16:28:06,16-11-2017
-0.21,35.17,35.29,33.96,34.4,35.14,35.13,35.09,35.18,35.31,35.28,35.31,35.34,34.99,35.2,35.34,35.31,33.79,34.39,34.45,34.08,33.88,34.88,34.67,36.34,36.34,36.34,,36.9,36.99,Female,21-30,White,24,26,0.8,,16:43:28,16-11-2017
-0.59,35.15,35.52,34.77,35.02,35.1,35.1,34.74,35.15,35.47,35.47,34.56,35.52,34.89,34.68,35.52,35.47,33.32,33.44,33.91,33.73,34.13,34.97,34.51,35.52,35.39,35.42,,36.95,36.59,Male,21-30,White,24,31,0.8,,12:11:01,16-11-2018
-0.23,34.91,34.56,34.41,33.49,34.84,34.84,34.65,34.9,34.52,34.52,33.02,34.56,34.58,31.75,34.91,34.84,33.6,33.13,32.91,33.26,33.38,33.79,33.78,35.57,35.38,35.46,,36.8,36.49,Female,18-20,White,25,30,0.8,,12:40:41,16-11-2018
-0.54,35.38,35.49,33.92,34.17,35.53,35.16,35.53,35.57,35.63,35.63,35.56,35.72,35.18,34.55,35.72,35.63,33.33,32.91,32.6,33.23,32.92,34.45,33.81,36.2,36.16,36.2,,37.15,36.99,Female,18-20,White,25,30,0.8,,14:27:47,16-11-2018
-0.64,35.09,35.45,34.67,35.08,35.38,35.36,35.31,35.45,35.41,35.41,35.19,35.45,34.83,35.23,35.45,35.41,35.06,35.05,35.09,35.04,35.11,35.51,35.3,35.57,35.22,35.23,,36.8,36.59,Female,18-20,Asian,25,30,0.8,,14:44:13,16-11-2018
-0.33,35.9,35.73,35.33,35.37,35.89,35.89,35.72,35.9,35.73,35.73,35.21,35.73,35.49,35.12,35.9,35.89,35.01,35.24,35.04,35.06,34.76,35.47,35.32,36.44,36.38,36.39,,36.8,36.89,Male,18-20,Multiracial,26,31,0.8,,15:11:34,16-11-2018
-0.14,35.27,35.2,34.75,34.61,35.22,35.22,34.57,35.27,35.17,35.17,34.23,35.2,34.52,34.36,35.27,35.23,33.91,34,33.99,33.54,33.32,34.8,34.19,35.68,35.63,35.68,,36.8,36.54,Male,18-20,Asian,22.8,15.5,0.8,,11:52:34,16-11-2021
-0.49,35.31,35.53,34.7,35.01,35.63,35.33,35.63,35.66,35.65,35.64,35.62,35.68,35.08,35.38,35.68,35.66,35.04,35.35,35.16,34.89,33.71,35.64,35.53,36.43,36.39,36.43,,37.05,37.74,Female,21-30,Asian,23,15,0.8,,12:43:20,16-11-2021
-0.57,35.27,35.15,34.63,34.69,35.23,35.23,35.17,35.27,35.12,35.12,35.08,35.15,35.17,34.91,35.27,35.23,34.81,34.77,34.68,34.38,34.44,35.29,35.09,35.55,35.48,35.55,,36.65,36.84,Male,21-30,Asian,23,15,0.8,,13:00:49,16-11-2021
-0.41,35.16,34.69,33.97,33.97,35.26,34.94,35.26,35.28,34.7,34.67,34.7,34.71,34.87,34.65,35.28,35.26,33.08,33.65,33.38,33.01,33.81,35.27,34.28,35.38,35.34,35.38,,36.8,36.74,Female,26-30,Multiracial,23,14,0.8,,15:03:08,16-11-2021
-0.33,35.49,35.47,34.23,34.44,35.55,35.55,35.36,35.57,35.5,35.5,35.05,35.54,35.19,35.05,35.57,35.55,34.28,34.13,33.43,33.86,34.36,34.69,34.6,35.57,34.78,34.83,,36.75,36.54,Male,18-20,White,23,14,0.8,,16:17:04,16-11-2021
-0.2,34.77,34.97,33.91,33.79,34.99,34.69,34.99,35.01,35.62,34.9,35.62,35.65,34.67,34.74,35.65,35.62,34.09,34.32,34.34,34.19,34.1,35.26,34.81,36.08,36.05,36.08,,36.95,37.19,Female,18-20,White,23,14,0.8,,16:36:04,16-11-2021
0.43,36.42,36.94,36.02,36.35,36.41,36.41,35.96,36.42,36.88,36.88,36.7,36.94,35.8,36.74,36.94,36.88,34.86,34.98,35.24,35.15,35.17,36.09,35.45,37.11,37,37.03,,37.4,37.79,Male,21-25,Black or African-American,23.5,53,0.8,,11:34:13,16-11-2029
-0.19,35.59,35.77,35.03,35.31,35.58,35.58,35.15,35.59,35.72,35.72,35.53,35.77,35.2,35.59,35.77,35.72,33.86,33.94,33.95,34.02,33.85,34.72,34.4,35.79,35.7,35.79,,36.55,36.49,Male,31-40,White,23.7,61.2,0.8,,11:23:45,16-11-2030
-0.37,35.43,35.03,34.82,34.28,35.42,35.42,35.37,35.43,35.03,35.03,34.95,35.05,35.31,34.56,35.43,35.42,33.19,33.41,33.34,33.27,33.74,35.3,34.25,35.43,35.13,35.15,,36.95,37.09,Female,26-30,Multiracial,24,61,0.8,,11:51:27,16-11-2030
-0.16,35.47,35.69,34.9,35.29,35.45,35.45,35.33,35.47,35.68,35.68,34.83,35.69,35.27,34.87,35.69,35.68,34.29,34.04,32.05,34.24,30.85,34.79,34.62,36.7,36.61,36.7,,37.15,37.19,Male,21-25,White,22.5,23.1,0.8,,10:22:34,16-12-2002
-0.34,35.02,34.61,34.29,34.11,35.02,34.96,34.95,35.11,34.6,34.6,33.96,34.66,34.66,34.02,35.51,35.47,33.8,33.97,33.47,33.58,33.29,34.92,34.33,35.91,35.57,35.61,,36.8,36.89,Female,18-20,Asian,23.2,22.6,0.8,,15:54:15,16-12-2002
0.09,35.11,34.94,34.45,34.18,35.08,35.08,34.57,35.12,34.92,34.92,34.64,34.94,34.56,34.46,35.11,35.08,34.22,33.73,33.86,34.08,34.26,34.62,34.47,35.12,35.1,35.12,,36.7,36.54,Male,21-25,White,22.6,22.6,0.8,,10:35:56,16-12-2002
-0.34,34.97,34.98,34.55,34.37,35.02,35.02,34.72,35.04,34.94,34.94,34.77,34.98,34.61,34.78,35.4,35.39,34.89,34.76,34.4,34.18,35.13,35.5,35.25,35.5,34.67,34.7,,36.9,37.04,Female,18-20,Asian,22.9,22.7,0.8,,13:54:48,16-12-2002
-0.06,35.46,35.34,35.02,35.01,35.43,35.43,35.24,35.46,35.41,35.41,35.21,35.47,35.08,34.87,35.47,35.44,35.06,34.58,34.59,35.11,35.01,35.34,35.26,35.49,35.37,35.4,,36.95,37.04,Male,18-20,White,23,22.4,0.8,,14:08:49,16-12-2002
,,,,,,,,,,,,,,,,,,,,,,,,,,,,36.6,36.14,Female,18-20,Asian,23.1,22.8,0.8,,14:27:06,16-12-2002
-0.17,34.87,34.83,34.29,34.52,35.07,34.69,35.07,35.13,34.99,34.94,34.99,35.01,34.61,34.75,35.13,35.07,34.13,33.78,34.3,33.72,34.75,34.94,34.89,35.38,35.29,35.38,,36.95,36.99,Female,18-20,Asian,23.1,22.7,0.8,,14:42:13,16-12-2002
-0.2,36.12,36.13,35.71,35.57,36.08,36.08,35.8,36.13,36.22,36.08,36.22,36.26,35.78,36,36.26,36.22,34.37,34.78,34.89,34.63,34.75,35.33,35.05,36.26,36.06,36.11,,36.85,37.09,Female,18-20,White,22.9,22.8,0.8,,15:09:00,16-12-2002
-0.28,34.57,34.28,33.4,33.69,34.56,34.48,34.55,34.58,34.24,34.24,33.7,34.28,34.42,33.46,34.58,34.56,32.56,33.56,32.38,32.41,33.28,34.77,33.85,34.77,34.69,34.73,,36.7,36.59,Male,18-20,Black or African-American,22.9,22.5,0.8,,15:27:42,16-12-2002
-0.12,35.45,36.25,34.88,35.87,35.59,35.5,35.58,35.66,36.18,36.18,36.02,36.25,35.26,35.96,36.25,36.17,34.87,34.63,34.15,34.37,34.9,35.27,35.16,36.25,35.85,35.87,,36.65,36.89,Male,18-20,Multiracial,23.2,22.5,0.8,,15:40:52,16-12-2002
-0.33,35.13,35.46,34.79,34.74,35.14,35.12,35.13,35.17,35.44,35.44,35.21,35.46,34.83,35.2,35.46,35.44,33.87,34.13,34.07,33.82,34.82,35.39,35.1,35.46,35.03,35.05,,36.85,36.64,Female,18-20,Asian,22.5,34.5,0.8,0,11:38:22,16-12-2005
-0.31,36.02,36.06,35.66,35.68,36.01,36.01,35.45,36.04,36.02,36.02,35.9,36.06,35.5,35.31,36.06,36.03,34.42,34.73,34.02,34.4,34.58,35.28,35.04,36.23,35.58,35.6,,36.95,37.14,Female,18-20,Hispanic/Latino,23.4,27.3,0.8,1,15:57:26,16-12-2005
-0.27,34.78,34.54,34.09,33.64,34.75,34.75,34.68,34.78,34.64,34.55,34.64,34.67,34.49,34.39,34.78,34.75,33.99,33.8,33.98,33.7,34.33,34.7,34.46,34.85,34.6,34.61,,36.65,36.59,Female,18-20,Asian,23.2,27.2,0.8,0,16:12:36,16-12-2005
-0.27,35.93,35.74,35.31,35.32,35.92,35.92,35.55,35.93,35.7,35.7,35.19,35.74,35.44,35.15,35.93,35.92,34.96,35.01,34.53,34.93,35.03,35.48,35.25,36.11,36.02,36.11,,37.4,37.39,Male,21-25,White,23.1,27,0.8,0,16:45:00,16-12-2005
-0.07,34.91,34.36,34.2,33.76,34.88,34.88,34.78,34.91,34.32,34.32,34.21,34.36,34.61,34.12,34.91,34.88,33.86,33.55,33.89,33.91,33.55,34.59,34.35,35.55,35.51,35.55,,36.65,36.49,Male,>60,Asian,22.8,33,0.8,0,12:01:42,16-12-2005
-0.46,35.88,35.76,35.14,34.99,35.79,35.79,35.24,35.88,35.89,35.89,34.4,35.92,35.04,34.52,35.92,35.89,33.34,33.87,32.88,33.56,33.25,34.58,33.72,35.92,35.06,35.12,,37.2,37.19,Male,18-20,White,22.8,28.5,0.8,0,13:46:53,16-12-2005
-0.58,34.86,34.85,34.24,34.01,34.91,34.91,34.63,34.92,34.94,34.94,34.78,34.97,34.4,34.14,34.97,34.95,33.94,34.11,34.28,33.85,34.18,35.56,34.34,35.84,35.83,35.84,,37.3,37.39,Female,21-25,Black or African-American,23,28.3,0.8,0,14:06:04,16-12-2005
-0.56,34.65,34.75,32.67,33.81,34.71,34.67,34.69,34.77,34.79,34.79,34.63,34.84,34.4,34.18,34.83,34.79,32.57,33.18,33.12,33.04,33.33,34.73,33.75,35.21,35.17,35.21,,36.65,36.74,Male,26-30,Black or African-American,23.2,28.4,0.8,0,14:21:28,16-12-2005
-0.08,35.7,35.66,35.04,35.23,35.73,35.68,35.72,35.76,35.62,35.62,35.47,35.67,35.53,35.13,35.76,35.73,34.01,33.45,33.78,33.71,34.04,34.96,34.17,35.91,35.84,35.91,,36.95,37.04,Female,18-20,Multiracial,23.2,27.9,0.8,1,14:58:22,16-12-2005
-0.03,35.54,35.75,33.64,34.78,35.64,35.64,35.57,35.65,35.82,35.81,35.77,35.83,35,35.38,35.83,35.82,34.65,34.48,32.9,34.45,34.78,35.06,34.84,35.83,35.59,35.61,,36.7,36.59,Male,18-20,Multiracial,23.2,27.9,0.8,1,15:10:55,16-12-2005
-0.4,35.59,35.61,35.32,35.22,35.58,35.58,35.47,35.59,35.6,35.6,35.18,35.61,35.39,34.91,35.61,35.6,34.52,34.42,34.37,34.54,34.48,35.19,34.89,35.63,35.59,35.63,,37.1,37.29,Female,18-20,Multiracial,23.2,28.5,0.8,1,15:24:06,16-12-2005
-0.31,35.03,35.44,34.2,34.66,35.17,35.01,35.17,35.2,35.34,35.34,34.53,35.44,34.72,33.99,35.76,35.7,34.72,34.63,34.85,34.58,34.83,35.61,35.07,36.1,35.75,35.8,,36.95,37.29,Female,18-20,Asian,23.4,27.3,0.8,1,15:42:52,16-12-2005
-0.14,34.67,34.71,32.09,33.67,35.03,34.57,35.03,35.07,34.69,34.69,34.63,34.71,34.34,34.55,35.07,35.03,33.97,34.12,33.82,33.84,34.11,35.15,34.26,35.59,35.58,35.59,,36.65,36.69,Female,21-25,White,22.9,30.6,0.8,0,11:01:57,16-12-2007
,,,,,,,,,,,,,,,,,,,,,,,,,,,,37,37.04,Male,18-20,White,23.1,28.4,0.8,0,12:12:42,16-12-2007
-0.4,34.9,35,33.68,34,34.98,34.93,34.98,35.01,35.1,34.93,35.1,35.14,34.69,34.63,35.14,35.1,34.85,34.83,33.28,34.43,31.33,35.19,35.19,35.45,35.42,35.45,,36.9,36.79,Female,18-20,White,23.2,23.2,0.8,0,15:20:48,16-12-2007
-0.28,35.83,35.88,35.04,35.5,35.78,35.78,35.62,35.83,35.87,35.86,35.86,35.9,35.67,35.7,35.9,35.87,34.73,34.34,34.89,34.55,35.06,35.46,35.46,35.9,35.49,35.55,,36.8,37.04,Female,21-25,Hispanic/Latino,23.4,22.8,0.8,0,16:14:02,16-12-2007
0.12,33.83,34.57,32.77,33.38,34.25,34.2,34.19,34.37,34.73,34.73,32.89,34.78,33.6,31.89,34.78,34.73,33.24,33.2,32.74,33.34,33.34,34.15,33.76,35.6,35.58,35.6,,36.45,35.99,Female,21-25,White,23,16,0.8,1,10:21:35,16-12-2009
-0.5,34.11,34.84,33.72,33.5,35.51,34.63,35.51,35.56,35.12,35.12,34.11,35.13,33.93,32.97,35.63,35.59,34.4,34.24,34.43,34.12,34.41,35.11,34.51,36.16,36.13,36.16,,36.95,37.09,Female,18-20,White,23.4,16,0.6,0,10:40:21,16-12-2009
-0.08,35.36,35.31,34.99,34.47,35.33,35.33,35.14,35.36,35.4,35.4,34.39,35.42,34.82,33.75,35.42,35.4,34.24,34.21,33.48,34.49,34.07,34.81,34.81,35.64,35.6,35.64,,36.9,36.74,Male,18-20,White,23.4,16.1,0.6,0,11:12:54,16-12-2009
-0.52,35.9,35.51,34.26,34.98,35.87,35.87,35.8,35.9,35.72,35.72,34.95,35.77,35.43,34.64,35.9,35.87,34.43,34.67,33.51,34.33,34.56,35.56,34.74,35.97,35.96,35.97,,36.7,36.84,Male,18-20,White,23.4,16.2,0.65,0,11:27:39,16-12-2009
-0.68,36.06,35.88,35.49,35.15,36.03,36.03,35.79,36.06,35.82,35.82,35.17,35.88,35.05,34.44,36.06,36.03,34.64,34.25,33.84,34.13,34.72,35.14,34.86,36.39,36.36,36.39,,36.85,37.09,Female,21-25,Hispanic/Latino,23.5,15.7,0.65,1,11:44:24,16-12-2009
-0.54,36.69,36.14,36.22,35.36,36.64,36.64,36.34,36.69,36.09,36.09,35.91,36.14,36.25,34.89,36.69,36.64,34.74,35,34.86,34.53,34.77,35.62,35.1,36.69,36.07,36.09,,37.25,37.34,Female,21-25,White,23.1,15,0.6,0,12:35:30,16-12-2009
-0.4,34.83,35.1,34.12,34.31,34.87,34.62,34.87,34.92,34.98,34.98,34.78,35.1,34.51,34.9,35.1,34.98,34.24,34.03,34.06,34.24,34.28,34.72,34.72,35.62,35.61,35.62,,36.95,36.94,Female,21-25,Asian,23.2,15,0.6,1,14:17:20,16-12-2009
-0.15,35.58,35.61,35.08,35.23,35.59,35.59,35.39,35.61,35.66,35.66,35.12,35.69,35.24,35.04,35.69,35.66,34.37,34.44,34.34,34.2,34.89,35.15,34.99,36.18,36.11,36.18,,36.85,36.99,Female,18-20,Multiracial,23,15.5,0.6,0,15:07:07,16-12-2009
-0.38,35.06,35.52,34.14,34.33,35.03,35.03,34.98,35.06,35.5,35.5,35.45,35.52,34.84,35.38,35.52,35.5,33.56,34.1,34.06,33.7,34.16,34.92,34.7,35.65,35.58,35.65,,36.7,36.64,Male,18-20,White,23,15.5,0.6,0,15:20:37,16-12-2009
-0.11,35.47,35.58,35.15,35.31,35.49,35.46,35.48,35.52,35.63,35.61,35.58,35.67,35.27,35.4,35.67,35.63,34.53,34.45,34.59,34.53,34.85,35,34.92,35.67,35.52,35.58,,36.85,37.09,Female,18-20,White,23.7,33.7,0.6,1,10:43:31,16-12-2012
-0.18,34.86,34.99,34.53,34.64,34.85,34.85,34.66,34.86,34.97,34.97,34.92,34.99,34.72,34.86,34.99,34.97,34.46,34.42,34.13,34.48,34.35,34.74,34.72,35.08,35.06,35.08,,36.8,36.54,Male,21-25,White,23.7,33.7,0.6,0,10:57:20,16-12-2012
,,,,,,,,,,,,,,,,,,,,,,,,,,,,36.75,36.64,Female,18-20,White,23.2,34.2,0.6,1,11:19:31,16-12-2012
-0.29,34.62,34.94,33.67,34,34.95,34.95,34.47,34.97,35.17,35.17,35.03,35.21,33.83,34.43,35.2,35.17,34.4,34.14,34.29,34.33,34.17,34.78,34.54,35.21,35.1,35.14,,36.8,36.84,Male,21-25,White,23.4,34.8,0.6,0,11:38:38,16-12-2012
-0.38,35.43,35.8,34.49,35.06,35.56,35.37,35.56,35.62,35.95,35.95,34.94,36.01,35.37,34.43,36.01,35.95,34.66,34.19,34.38,34.35,33.73,35.34,34.81,36.24,36.16,36.18,,36.8,36.89,Male,21-25,Hispanic/Latino,23.4,35.6,0.6,0,11:54:08,16-12-2012
-0.2,35.63,35.77,34.14,35.29,35.92,35.51,35.92,35.96,35.77,35.77,35.57,35.78,35.47,35.27,35.96,35.93,34.4,34.29,34.85,34.28,34.3,35.16,34.68,35.96,35.07,35.09,,37,37.04,Male,21-25,White,23.2,37.3,0.6,0,14:30:58,16-12-2012
-0.19,35.29,35.24,34.96,34.92,35.25,35.25,34.95,35.29,35.23,35.23,34.77,35.24,34.68,34.56,35.29,35.25,34.08,33.62,33.67,33.96,34.32,35.41,34.59,35.72,35.19,35.2,,36.8,37.09,Female,31-40,White,23.2,36.7,0.6,0,14:57:11,16-12-2012
-0.28,36.15,36.05,34.47,35.53,36.25,36.1,36.25,36.26,36.33,36.33,35.75,36.36,36.04,35.12,36.36,36.34,35.03,35.38,34.94,34.94,35.46,35.68,35.6,36.36,35.97,36,,37.45,37.79,Female,18-20,White,23.4,34.2,0.6,0,15:49:51,16-12-2012
-0.42,34.92,34.49,33.55,33.59,35.62,35.04,35.62,35.69,34.6,34.6,33.91,34.65,34.74,32.21,35.69,35.62,34.45,34.11,34.59,34.26,34.77,35.33,34.81,36.23,35.86,35.89,,36.95,37.04,Female,18-20,White,23.5,32.7,0.65,0,16:06:26,16-12-2012
-0.47,35.14,35.16,34.87,34.88,35.19,35.19,35.07,35.21,35.27,35.27,35.06,35.28,34.99,34.89,35.37,35.33,34.35,34.53,34.25,34.33,34.47,34.99,34.8,35.61,35.53,35.58,,36.9,36.84,Female,21-25,White,23,21,0.6,0,10:46:21,16-12-2014
-0.12,35.37,35.35,35.04,34.96,35.37,35.37,34.86,35.37,35.32,35.32,35.1,35.35,34.38,35.09,35.37,35.37,34.18,33.89,34.19,33.81,33.86,34.76,34.52,35.4,34.94,34.98,,36.8,36.84,Female,21-25,Black or African-American,23.1,19.6,0.6,0,11:36:32,16-12-2014
-0.42,36.08,36,34.44,35.31,36.21,36.02,36.21,36.27,35.95,35.95,35.62,36,35.98,35.36,36.27,36.2,34.76,34.76,34.02,34.56,34.67,35.33,35,36.27,35.66,35.7,,36.95,37.14,Male,>60,White,23.5,18,0.73,0,14:21:58,16-12-2014
-0.31,35.09,35,33.49,33.84,35.07,34.99,35.07,35.09,34.98,34.98,34.93,35,34.92,34.94,35.14,35.11,34.8,34.56,34.57,34.33,35.03,35.78,35.12,35.78,35.62,35.65,,37.45,37.04,Female,51-60,White,23.5,18,0.73,0,14:48:29,16-12-2014
-0.28,35.61,35.36,33.02,34.65,35.63,35.61,35.59,35.64,35.33,35.33,35.19,35.36,35.03,35.01,35.64,35.63,34.05,34.34,34.37,34.13,34.66,35.75,35.28,35.75,35.6,35.62,,36.85,37.19,Female,26-30,White,23.6,17.3,0.6,0,15:13:30,16-12-2014
,,,,,,,,,,,,,,,,,,,,,,,,,,,,37.75,37.99,Male,18-20,Asian,23.2,10.6,0.7,0,10:30:42,16-12-2016
-0.24,34.8,34.89,32.21,33.48,34.91,34.72,34.91,34.96,34.95,34.86,34.95,34.98,34.72,34.55,34.98,34.96,34.27,34.22,34.35,34.05,34.43,34.91,34.69,35.39,35.33,35.39,,37,37.04,Female,21-25,White,23,10.3,0.6,1,11:09:22,16-12-2016
-0.35,34.82,35.11,34.18,34.3,34.95,34.8,34.95,34.98,35.12,35.08,35.12,35.17,34.7,34.96,35.17,35.12,33.87,33.6,33.82,33.5,34,35.03,34.55,35.17,35.16,35.16,,36.55,36.39,Female,18-20,White,23.4,10.2,0.6,1,11:29:46,16-12-2016
-0.26,36.06,35.83,33.19,34.94,36.02,36.01,35.97,36.06,35.85,35.85,35.38,35.88,35.93,34.41,36.06,36.02,35.22,34.48,34.81,35.04,35.46,35.71,35.71,36.06,35.33,35.35,,37.15,37.19,Female,21-25,White,23.3,9.9,0.6,0,16:13:57,16-12-2016
-0.09,34.23,34.64,33.68,33.96,34.61,34.51,34.6,34.66,34.63,34.63,33.49,34.65,33.88,33.41,34.8,34.79,33.14,32.81,33.04,33.34,33.67,33.96,33.81,35.21,35.13,35.16,,36.65,36.54,Female,18-20,Asian,22.8,23.4,0.76,0,09:47:05,17-02-2006
-0.32,35.18,35.33,34.16,34.67,35.22,35.22,35.17,35.27,35.28,35.28,34.39,35.33,34.66,34.08,35.33,35.28,33.58,33.68,33.34,33.75,33.37,35.16,34.46,36.31,36.13,36.15,,37,36.89,Female,18-20,White,23.4,22.2,0.78,1,10:03:39,17-02-2006
,,,,,,,,,,,,,,,,,,,,,,,,,,,,37.65,38.69,Male,21-25,White,23.5,21.6,0.9,0,10:39:13,17-02-2006
-0.11,35.44,35.23,35.06,35,35.39,35.39,35.1,35.44,35.22,35.21,35.2,35.23,34.79,34.95,35.56,35.49,34.19,34.33,34.49,34.15,34.42,35.58,34.85,35.9,35.57,35.62,,36.7,36.79,Male,18-20,Asian,23.6,22.2,0.68,0,12:06:43,17-02-2006
-0.3,34.86,34.6,34.57,34.23,34.84,34.84,34.37,34.86,34.58,34.58,34.46,34.6,34.35,34.45,34.86,34.84,32.44,33.09,32.14,31.86,32.82,34.03,33.07,35.45,35.43,35.45,,36.6,36.79,Male,26-30,Asian,23.7,22.6,0.76,0,13:28:42,17-02-2006
0.04,35.34,34.81,35.03,34.1,35.33,35.33,35.11,35.34,35.35,35.35,34.41,35.4,34.91,33.5,35.4,35.38,34.5,34.09,33.84,34.05,34.59,35.49,35.08,36.17,36.12,36.17,,37.05,37.19,Female,26-30,White,24.2,22.5,0.66,1,14:16:32,17-02-2006
,,,,,,,,,,,,,,,,,,,,,,,,,,,,37,37.09,Male,21-25,White,23.5,23.4,0.8,0,16:46:33,17-02-2006
-0.47,34.85,34.55,33.52,34.07,35.03,35.03,34.83,35.04,34.55,34.55,34.29,34.6,34.22,34.18,35.04,35.04,34.02,34.59,33.77,34.18,33.91,34.74,34.74,35.84,35.73,35.75,,36.75,36.79,Female,26-30,Black or African-American,22.8,31.5,0.69,1,10:24:44,17-02-2007
-0.34,36.95,36.86,35.71,36.24,37,36.94,37,37.04,36.78,36.78,36.15,36.86,36.79,36.14,37.04,37,35.96,35.73,36.33,35.9,36.04,37.02,36.5,37.34,37.15,37.18,,37.45,38.54,Male,18-20,White,23.4,33.8,0.69,0,10:59:25,17-02-2007
-0.07,35.68,35.1,34.44,34.43,35.59,35.59,35.17,35.68,35.47,35.47,34.03,35.53,34.64,34.13,35.68,35.59,34.34,33.66,33.5,34.39,34.13,34.91,34.64,35.68,35.17,35.18,,36.45,36.29,Female,26-30,White,23.6,33.9,0.69,0,11:28:01,17-02-2007
-0.02,35.64,35.53,34.83,35.02,35.64,35.62,35.62,35.65,35.53,35.51,35.53,35.55,35.53,35.49,35.65,35.64,34.5,34.4,34.48,34.32,35.07,35.23,35.23,35.65,35.43,35.46,,36.75,36.64,Female,18-20,White,24,34.6,0.69,1,11:53:57,17-02-2007
,,,,,,,,,,,,,,,,,,,,,,,,,,,,38.55,38.59,Female,18-20,White,24.8,40.5,0.7,0,15:10:30,17-02-2007
-0.1,34.78,34.97,33.37,34.37,34.85,34.84,34.82,34.86,34.92,34.92,34.83,34.97,34.3,34.83,34.97,34.92,34.08,33.93,33.68,33.9,34.27,35.03,34.55,35.35,35.32,35.35,,36.45,36.09,Female,18-20,White,25,40.1,0.68,0,15:29:18,17-02-2007
-0.17,35.63,35.07,33.67,32.73,35.6,35.6,35.45,35.63,35.08,35.07,35.04,35.1,35.44,34.61,35.63,35.6,33.91,34.93,33.6,33.56,34.27,35.19,35.19,35.63,35.2,35.24,,36.95,37.04,Female,26-30,White,23.3,45.9,0.6,1,09:32:31,17-02-2008
-0.01,35.27,35.3,34.98,34.86,35.26,35.26,34.96,35.27,35.27,35.27,34.98,35.3,34.94,34.96,35.3,35.28,34.09,34.29,34.55,33.94,34.65,35.2,35.18,35.92,35.89,35.92,,36.95,37.09,Female,18-20,White,24.4,37.8,0.6,1,10:35:07,17-02-2008
,,,,,,,,,,,,,,,,,,,,,,,,,,,,36.95,37.14,Female,21-25,White,24.6,36.8,0.6,0,10:50:45,17-02-2008
-0.25,35.41,34.92,34.36,34.02,35.4,35.4,35.36,35.41,35.4,35.14,35.4,35.43,35.28,34.66,35.43,35.41,34.85,34.51,34.6,34.76,34.74,35.14,35.13,35.43,35.31,35.37,,36.85,36.94,Male,21-25,White,24.6,36.8,0.73,0,11:04:04,17-02-2008
-0.56,35.44,35.73,33.46,34.4,35.69,35.44,35.69,35.69,35.72,35.7,35.7,35.74,35.01,35.55,35.74,35.72,34.47,34.8,34.79,34.68,34.5,35.13,35.13,35.75,35.7,35.75,,37.1,37.29,Female,21-25,White,25.3,36.9,0.73,0,11:15:49,17-02-2008
-0.28,35.24,35.55,34.72,35.15,35.21,35.21,35.07,35.24,35.55,35.55,35.18,35.56,35.01,35.18,35.55,35.55,34.3,33.82,34.04,34.06,34.38,35,34.65,35.65,35.63,35.65,,36.85,36.94,Female,18-20,White,25.3,36.9,0.6,0,11:28:35,17-02-2008
-0.32,35.44,35.47,35.06,34.96,35.42,35.42,35.16,35.44,35.44,35.44,34.96,35.47,34.91,34.05,35.47,35.45,34.68,34.74,34.73,34.85,34.53,35.17,35.17,35.87,35.61,35.66,,36.8,36.84,Female,21-25,White,25.7,38.3,0.6,0,11:46:46,17-02-2008
-0.37,35.95,35.92,35.38,35.32,35.94,35.94,35.89,35.95,35.99,35.99,35.05,36.01,35.89,34.76,36,35.99,33.73,33.83,33.47,34.06,33.42,34.49,34.23,36.19,36.1,36.13,,37.2,37.39,Male,21-25,White,25.1,34.1,0.65,1,12:15:49,17-02-2008
-0.57,35.57,35.34,35.11,34.93,35.51,35.51,35.21,35.57,35.33,35.33,34.74,35.34,35.31,34.5,35.57,35.51,33.71,33.87,33.83,33.76,33.56,34.37,34.37,35.71,35.62,35.65,,36.8,36.94,Male,21-25,Black or African-American,25.5,35,0.6,0,12:41:28,17-02-2008
,,,,,,,,,,,,,,,,,,,,,,,,,,,,36.5,36.29,Female,18-20,White,25.5,34.5,0.66,0,13:05:49,17-02-2008
,,,,,,,,,,,,,,,,,,,,,,,,,,,,37,37.79,Male,18-20,White,25.7,34.8,0.77,0,13:18:59,17-02-2008
,,,,,,,,,,,,,,,,,,,,,,,,,,,,36.9,37.44,Female,26-30,White,25.7,34.2,0.7,1,13:43:18,17-02-2008
-0.23,35.57,35.54,34.98,34.36,35.55,35.55,34.83,35.57,35.72,35.49,35.72,35.74,34.86,35.35,35.74,35.72,33.8,33.56,34.38,34.01,33.61,34.62,34.6,35.97,35.82,35.85,,37.05,36.94,Male,26-30,White,26,33.2,0.7,0,15:36:17,17-02-2008
-0.38,35.34,35.38,34.85,34.52,35.26,35.26,34.99,35.34,35.35,35.35,34.69,35.38,34.6,34.03,35.38,35.36,34.92,34.83,34.97,34.76,35.1,35.79,35.35,36.22,35.63,35.67,,36.9,36.79,Female,18-20,White,26,32.1,0.75,1,15:52:09,17-02-2008
-0.48,35.11,34.72,34.26,34.2,35.03,35.03,34.79,35.1,34.67,34.67,34.3,34.72,34.86,34.37,35.11,35.03,34.29,34.21,33.91,33.88,34.38,34.67,34.58,36.49,36.45,36.49,,37.2,37.24,Female,41-50,White,25.8,31.5,79,0,16:15:52,17-02-2008
-0.41,36.45,36.95,36.26,36.55,36.66,36.56,36.66,36.7,36.89,36.89,36.8,36.95,36.39,36.81,36.95,36.89,35.73,35.71,35.29,36.06,35.98,36.44,36.17,37.34,37.28,37.34,,37.75,38.09,Male,18-20,Multiracial,25.6,31.9,0.75,0,16:40:51,17-02-2008
0.38,34.47,35.25,34.09,34.65,34.46,34.46,33.91,34.47,35.18,35.18,34.22,35.25,34.06,34.34,35.25,35.18,31.37,31.62,31.82,31.68,31.33,34.02,32.57,36.07,35.98,36.03,,36.75,36.49,Female,18-20,White,22.7,25.1,0.78,0,09:01:49,17-02-2009
-0.63,35.25,34.87,34.38,34.43,35.41,35.41,34.82,35.43,35,35,34.52,35.06,34.33,34.28,35.43,35.41,33.12,33.57,33.26,33.14,33.48,34.6,33.6,36.15,36.08,36.15,,36.55,36.79,Female,26-30,White,23.5,18.4,0.6,0,13:26:56,17-02-2009
-0.41,35.09,35.57,34.23,35.17,35.39,35.1,35.39,35.4,35.65,35.65,35.11,35.65,34.83,34.96,35.65,35.65,34.72,34.06,34.07,34.73,34.31,35.34,35.06,36.03,35.99,36.03,,36.9,37.34,Male,18-20,Multiracial,23.8,18.7,0.6,0,13:46:21,17-02-2009
-0.36,35.73,36.2,35.4,35.5,35.68,35.68,35.53,35.73,36.17,36.17,35.49,36.2,35.41,35.38,36.2,36.17,34.7,33.98,34.54,34.4,34.93,35.21,35.01,36.2,36.02,36.08,,36.8,36.99,Male,21-25,Asian,23.8,18.9,0.8,0,14:22:27,17-02-2009
-0.53,36.14,36.96,35.1,36.45,36.5,36.47,36.48,36.52,36.95,36.95,36.59,36.99,35.58,36.47,36.99,36.95,35.13,35.47,35.4,35.05,35.25,36.2,35.64,36.99,36.8,36.86,,37.7,37.99,Male,18-20,White,23.6,16.5,0.71,0,15:56:37,17-02-2009
0.11,35.33,34.6,34.11,34.19,35.29,35.29,35.24,35.33,34.66,34.66,33.92,34.69,35.21,33.44,35.33,35.29,33.22,33.34,33.85,33.34,33.31,34.69,34.1,35.33,35.24,35.25,,36.55,36.14,Male,21-25,White,22.9,14,0.65,0,09:26:19,17-02-2010
-0.2,35.14,35.01,33.74,34.62,35.19,35.16,35.18,35.22,34.99,34.99,34.58,35.01,34.82,34.47,35.22,35.19,33.98,34.37,33.91,33.82,34.15,34.85,34.54,35.51,35.48,35.5,,36.9,36.69,Male,21-25,White,23.3,13.8,0.7,0,09:39:45,17-02-2010
-0.16,34.3,34.37,33.03,33.75,34.48,34.44,34.47,34.5,34.26,34.23,34.2,34.37,34.03,33.97,34.94,34.87,33.49,33.58,32.66,33.29,33.78,34.47,34.07,35.11,35.06,35.11,,36.65,36.34,Male,51-60,Asian,23.3,12.6,0.6,0,12:33:10,17-02-2010
-0.44,35.63,35.65,33.28,33.42,35.72,35.6,35.72,35.76,35.66,35.63,35.66,35.73,35.47,35.26,35.76,35.73,34.19,34.51,34.51,34.21,34.26,35.1,34.76,35.76,35.39,35.43,,37,36.99,Female,21-25,White,23.2,13.8,0.63,1,14:10:00,17-02-2010
-0.51,35.82,36.13,35.35,35.83,35.83,35.74,35.83,35.87,36.12,36.12,35.97,36.13,35.73,35.94,36.13,36.12,34.6,35,35.21,34.78,34.2,35.49,35.37,36.31,36.29,36.31,,37.2,37.29,Male,21-25,White,23.2,12.8,0.71,0,14:55:52,17-02-2010
-0.2,35.56,35.37,35.23,34.87,35.52,35.52,35.28,35.56,35.36,35.36,35,35.37,34.85,34.39,35.56,35.52,34.53,34.77,34.47,34.53,33.82,35.03,34.92,35.95,35.83,35.84,,37.05,36.89,Male,21-25,White,23.6,13.8,0.71,0,15:05:25,17-02-2010
-0.33,35.51,35.69,33.22,33.85,35.82,35.49,35.82,35.83,35.75,35.7,35.72,35.76,35.25,35.48,35.83,35.81,34.85,35.15,34.41,34.67,35.25,35.57,35.41,36.3,36.29,36.3,,37.05,37.34,Female,18-20,White,23.5,12.4,0.55,1,15:39:35,17-02-2010
-0.47,34.48,34.35,34.08,34.05,34.72,34.43,34.72,34.77,34.33,34.33,33.98,34.35,34.39,33.78,34.77,34.72,33.01,32.86,33.13,32.64,33.07,34.38,33.89,34.77,34.43,34.48,,36.4,35.64,Male,18-20,Asian,22.7,18.1,0.92,0,09:15:23,17-02-2013
,,,,,,,,,,,,,,,,,,,,,,,,,,,,37.2,37.24,Female,18-20,White,22.6,16.5,0.78,1,11:32:40,17-02-2013
-0.37,34.61,34.95,33.2,34.25,35.15,34.6,35.15,35.17,35,35,34.83,35.04,34.17,33.7,35.17,35.15,33.29,33.83,33.25,33.45,33.57,34.66,33.83,35.17,34.55,34.57,,36.65,36.59,Female,21-25,White,22.8,17,0.72,0,14:27:23,17-02-2013
,,,,,,,,,,,,,,,,,,,,,,,,,,,,36.7,36.19,Female,18-20,Asian,22.7,18.1,0.84,0,10:03:04,17-02-2014
-0.08,35.07,35.4,34.61,34.5,35.04,35.04,34.73,35.07,35.33,35.33,34.57,35.4,34.17,34.17,35.4,35.33,33.83,33.66,34.18,33.83,34.02,35.3,34.29,35.4,34.97,35.01,,36.9,37.04,Male,18-20,Multiracial,23.4,19.2,0.8,0,11:33:28,17-02-2014
-0.35,35.56,35.26,35.02,34.92,35.53,35.53,34.9,35.56,35.23,35.23,34.69,35.26,34.06,34.1,35.56,35.53,34.24,34.29,34.07,34.1,34.17,34.85,34.7,35.56,35.35,35.37,,36.85,36.69,Female,18-20,Black or African-American,23.4,19.2,0.8,0,11:44:53,17-02-2014
-0.28,34.75,35.27,34.15,34.93,34.87,34.76,34.87,34.92,35.26,35.26,34.52,35.27,34.66,34.41,35.27,35.26,33.99,33.87,33.72,34.05,34.37,35.12,34.44,35.42,35.1,35.13,,36.85,36.89,Female,21-25,White,23.7,20.4,0.7,0,11:58:16,17-02-2014
-0.25,34.56,35.27,32.73,33.6,35.29,34.4,35.29,35.31,35.56,35.2,35.56,35.64,34.08,35.13,35.64,35.56,33.91,34.49,34.37,33.79,34.42,35.68,35.11,35.68,35.52,35.55,,36.85,36.94,Female,21-25,Black or African-American,23.7,20.4,0.7,0,16:15:16,17-02-2014
,,,,,,,,,,,,,,,,,,,,,,,,,,,,36.7,36.54,Female,26-30,American Indian or Alaskan Native,22.8,21.7,0.7,1,09:36:09,17-02-2015
-0.2,33.18,34.57,31.47,33.09,34.52,33.73,34.52,34.55,34.58,34.58,34.52,34.59,32.77,34.27,34.66,34.65,34.32,34.08,34.38,34.15,34.71,35.02,34.85,35.13,35.11,35.13,,36.8,36.84,Male,26-30,Asian,22.7,22.8,0.7,1,10:47:08,17-02-2015
-0.21,38.36,37.98,36.07,36.15,38.5,38.29,38.5,38.52,38.12,37.99,38.12,38.13,38.2,37.61,38.52,38.5,36.99,36.94,37.29,37.23,37.05,37.5,37.49,39.18,39.14,39.18,,39.6,40.34,Male,18-20,Multiracial,23.2,23.3,0.7,0,11:00:25,17-02-2015
-0.15,35.01,35.21,34.45,34.95,35.24,35.12,35.24,35.34,35.37,35.19,35.37,35.41,34.89,35.03,35.41,35.39,32.56,33.69,32.55,33.16,32.08,34.52,33.68,35.48,35.29,35.31,,36.85,37.09,Female,21-25,Asian,23.2,23.5,0.7,0,11:45:23,17-02-2015
,,,,,,,,,,,,,,,,,,,,,,,,,,,,37.05,36.99,Male,18-20,Hispanic/Latino,22.8,19.7,0.76,0,13:22:35,17-02-2015
-0.18,34.9,35.81,33.24,35.15,35.89,35.29,35.89,35.92,35.91,35.8,35.91,35.96,34.28,35.67,35.96,35.92,34.69,34.22,34.43,34.62,34.2,35.19,34.89,36,35.98,36,,36.75,36.79,Male,26-30,White,23.2,21,0.71,0,14:13:51,17-02-2015
-0.46,35.5,35.23,35,34.78,35.49,35.49,35.4,35.5,35.62,35.62,34.39,35.66,35.1,34.37,35.78,35.75,34.66,34.29,34.78,34.85,34.62,35.7,35.34,36.09,36,36.02,,36.85,36.64,Female,18-20,White,23.4,16.7,0.62,1,16:13:03,17-02-2015
-0.31,35.31,35.28,34.38,34.23,35.39,35.39,35.35,35.41,35.49,35.45,35.46,35.51,34.86,34.77,35.51,35.49,34.69,34.62,34.19,34.28,34.85,35.01,34.98,35.85,35.85,35.85,,36.85,36.89,Male,18-20,White,23.4,16.5,0.71,0,16:28:28,17-02-2015
-0.34,35.82,35.8,35.29,35.35,35.84,35.78,35.83,35.87,35.78,35.78,35.42,35.8,35.68,35.15,35.87,35.84,34.96,34.86,34.67,34.95,34.92,36.09,35.61,36.9,36.76,36.79,,36.7,37.44,Female,21-25,White,23.3,14.8,0.77,1,11:53:05,17-02-2016
-0.07,36.29,36.32,35.55,35.5,36.34,36.29,36.34,36.41,36.66,36.28,36.66,36.69,36.19,36.14,36.69,36.66,33.16,33.03,32.68,33.58,31.86,35.47,34.17,36.7,36.01,36.02,,36.95,37.99,Male,21-30,Asian,23.6,14.8,0.77,0,13:48:53,17-02-2016
-0.46,35.77,36.29,35.29,35.84,35.7,35.7,35.62,35.77,36.25,36.25,35.79,36.29,35.18,35.68,36.29,36.25,34.84,34.36,34.74,34.9,35.05,35.58,35.21,36.29,35.93,36.04,,37.45,37.39,Male,18-20,White,23.8,13.8,0.64,0,14:59:26,17-02-2016
-0.49,35.27,36.03,34.94,35.57,35.27,35.27,35.15,35.27,36.05,36.05,35.42,36.09,34.94,35.44,36.09,36.05,33.99,34.07,33.49,33.77,34.14,34.97,34.28,36.09,35.81,35.86,,36.9,36.69,Female,18-20,White,23.4,14.1,0.65,1,15:36:01,17-02-2016
-0.37,37.65,37.36,37.09,37.1,37.64,37.64,37.36,37.65,37.35,37.35,36.98,37.36,37.21,36.88,37.65,37.64,36.23,36.33,36.31,36,36.4,36.94,36.76,37.65,37.17,37.2,,37.35,38.39,Male,18-20,White,23.7,14.7,0.61,0,15:52:00,17-02-2016
-0.33,35.24,35.34,34.42,34.34,35.19,35.18,35.16,35.24,35.48,35.48,34.32,35.49,35.13,33.4,35.53,35.51,34.45,34.14,34.2,34.44,34.58,35.34,34.71,36,35.92,35.93,,36.85,37.09,Female,18-20,White,23,14.5,0.7,0,10:22:42,17-02-2017
-0.25,35.12,34.76,34.26,33.96,35.09,35.09,34.65,35.12,34.72,34.72,34.47,34.76,34.41,34.16,35.12,35.09,33.74,33.66,33.17,33.84,33.93,34.83,34.26,35.47,35.25,35.26,,37.25,37.04,Male,18-20,White,22.7,14.6,0.73,0,12:18:28,17-02-2017
-0.36,35.03,34.86,34.7,34.46,35.06,35.06,34.74,35.07,34.79,34.79,34.5,34.86,34.59,34.57,35.07,35.06,33.38,33.66,33.93,33.46,33.31,34.29,33.85,35.07,34.71,34.85,,37,36.64,Male,18-20,Black or African-American,23.2,15.5,0.72,0,14:18:42,17-02-2017
,,,,,,,,,,,,,,,,,,,,,,,,,,,,37.55,38.04,Male,18-20,Multiracial,23.8,16.7,0.72,0,14:59:31,17-02-2017
-0.57,35.57,35.17,35.13,34.64,35.54,35.54,34.79,35.57,35.17,35.16,35.14,35.18,34.62,34.92,35.57,35.54,34.17,33.79,34.36,34.08,33.92,34.63,34.63,35.79,35.67,35.71,,37.1,36.84,Female,21-25,Black or African-American,24.1,25.9,0.79,0,11:35:03,17-02-2020
-0.27,35.16,34.35,34.58,33.51,35.11,35.11,34.72,35.16,34.66,34.66,34.43,34.68,34.52,33.96,35.16,35.12,33.74,34.13,34.03,33.61,34.41,36.1,35.04,36.1,35.99,36,,36.85,36.74,Female,21-25,Black or African-American,25.1,21.9,0.74,0,15:24:50,17-02-2020
,,,,,,,,,,,,,,,,,,,,,,,,,,,,38,37.99,Female,18-20,White,25,21.7,0.79,1,15:59:38,17-02-2020
-0.3,35.61,35.46,34.61,34.43,35.52,35.52,35.28,35.61,35.36,35.36,35.08,35.46,34.69,34.97,35.61,35.52,34.61,34.61,34.19,34.51,34.98,35.81,35.2,36.12,36.06,36.12,,36.8,37.09,Female,18-20,White,25.2,22,0.79,0,16:12:52,17-02-2020
,,,,,,,,,,,,,,,,,,,,,,,,,,,,36.9,36.64,Female,18-20,White,23.1,20.1,0.6,0,14:00:36,17-02-2021
-0.32,35.53,35.64,35.14,35.27,35.52,35.52,35.05,35.54,35.62,35.58,35.6,35.64,35,35.39,35.64,35.62,34.46,34.71,34.66,34.57,34.3,35.07,34.9,35.64,34.14,34.15,,36.95,37.04,Male,18-20,Hispanic/Latino,23.7,21.2,0.7,0,15:03:01,17-02-2021
-0.17,35.77,35.65,35.21,34.33,35.75,35.75,35.28,35.77,35.75,35.75,35.04,35.85,34.5,33.71,35.85,35.79,34.96,34.87,34.86,34.92,35.02,35.44,35.31,35.85,35.63,35.64,,36.85,37.04,Female,18-20,White,23.9,21.3,0.6,1,16:40:21,17-02-2021
-0.46,35.73,35.62,35.12,35.18,35.73,35.73,35.6,35.77,35.58,35.58,35.02,35.62,35.17,34.17,35.77,35.73,34.15,34.52,34,33.9,34.45,35.22,34.71,35.77,35.36,35.39,,37,36.89,Female,21-25,White,22.7,33.6,0.76,0,10:13:17,17-02-2022
,,,,,,,,,,,,,,,,,,,,,,,,,,,,37,37.14,Male,21-25,Black or African-American,23.2,32.7,0.76,0,10:50:23,17-02-2022
-0.48,35.95,36.15,35.43,35.86,35.92,35.92,35.58,35.95,36.13,36.13,35.79,36.15,34.48,35.41,36.15,36.13,34.22,34.07,34.47,34.1,35.03,35.5,35.13,37.1,37.07,37.1,,37.25,37.94,Female,18-20,White,23.3,33.2,0.76,1,11:35:49,17-02-2022
-0.07,36.09,35.79,35.66,35.5,36.09,36.09,35.91,36.09,35.76,35.76,35.47,35.79,35.65,35.28,36.09,36.09,34.55,34.44,34.32,34.51,34.84,35.34,35.25,36.09,36.03,36.04,,36.7,36.99,Female,21-25,Black or African-American,23.6,33.5,0.76,0,12:51:07,17-02-2022
-0.19,35.6,35.43,35.18,34.93,35.61,35.61,35.26,35.62,35.4,35.4,35.3,35.43,34.94,35.08,35.62,35.61,34.12,33.76,33.75,33.83,34.02,34.87,34.44,36.56,36.48,36.56,,37.15,37.24,Female,18-20,White,24.4,34.9,0.7,1,15:24:23,17-02-2022
,,,,,,,,,,,,,,,,,,,,,,,,,,,,36.6,36.59,Female,51-60,White,22.7,49.7,0.6,1,08:31:34,17-02-2023
-0.24,36.31,36.56,35.7,36.22,36.62,36.62,35.75,36.65,36.55,36.55,36.3,36.57,35.69,35.86,36.65,36.62,35.11,35.1,35.17,35.37,35.17,35.97,35.57,36.65,36.62,36.63,,37.25,37.99,Female,18-20,White,23.4,49.2,0.75,0,09:27:28,17-02-2023
-0.56,35.57,36.29,35.23,35.88,35.68,35.68,35.25,35.69,36.26,36.26,36.17,36.29,35.26,35.8,36.29,36.26,33.67,33.64,34.07,33.25,33.95,34.56,34.51,36.29,36.19,36.21,,36.8,37.14,Female,18-20,White,23.8,48.8,0.75,0,09:53:50,17-02-2023
-0.44,35.71,35.88,35.4,35.59,35.69,35.69,35.66,35.71,35.85,35.85,35.63,35.88,35.5,35.44,35.88,35.85,35.05,35.23,34.93,35.18,34.78,35.47,35.33,36.65,36.62,36.65,,36.95,37.09,Male,21-25,White,24.4,48,0.75,0,11:54:00,17-02-2023
-0.64,35.39,35.89,34.93,35.56,35.42,35.38,35.42,35.42,35.85,35.85,35.69,35.89,35.36,35.66,35.89,35.85,34.91,34.82,34.82,34.83,35.15,35.66,35.32,35.89,35.83,35.86,,36.85,36.79,Female,18-20,Asian,25.8,43.1,0.64,0,15:25:42,17-02-2023
-0.59,35.31,35.28,35,34.95,35.3,35.3,35.07,35.31,35.31,35.31,35.17,35.34,35.08,35.13,35.34,35.33,34.81,34.8,34.64,34.82,34.86,35.53,35.07,35.56,35.54,35.56,,36.75,36.44,Female,21-25,White,26.2,43.1,0.63,0,16:13:34,17-02-2023
-0.18,37.23,37.15,36.64,36.74,37.23,37.23,37.06,37.23,37.12,37.12,36.81,37.15,36.78,36.75,37.23,37.23,35.53,34.75,34.64,35.16,35.39,36.03,35.72,37.23,36.76,36.77,,38.5,38.44,Male,18-20,White,26.5,41.8,0.68,0,16:22:28,17-02-2023
-0.46,38.31,38.21,36.05,37.32,38.43,38.2,38.43,38.45,38.37,38.26,38.37,38.39,38.09,37.89,38.45,38.42,36.57,36.91,36.57,36.39,37.09,37.72,37.43,38.49,38.46,38.49,,39.3,39.64,Female,18-20,White,26.4,41.3,0.61,1,17:00:49,17-02-2023
-0.43,35.39,35.49,34.92,34.74,35.35,35.35,35.22,35.39,35.68,35.68,34.65,35.7,35.2,33.84,35.7,35.68,33.87,34.35,33.97,33.98,34.59,35.56,34.84,35.99,35.97,35.99,,36.8,36.79,Male,41-50,Multiracial,23.7,51.9,0.8,0,09:26:24,17-02-2024
-0.31,35.53,34.94,35.16,34.71,35.52,35.52,35.42,35.53,34.91,34.91,34.82,34.94,35.33,34.77,35.53,35.52,34.33,34.59,34.66,34.18,34.55,35.26,34.8,35.53,34.96,34.98,,36.65,36.74,Male,18-20,Black or African-American,24,50.9,0.7,0,09:45:07,17-02-2024
-0.47,35.39,35.32,33.95,34.18,35.44,35.2,35.44,35.48,35.3,35.23,35.28,35.36,35.19,35.12,35.48,35.44,31.84,31.98,31.77,32.43,31.21,33.89,32.93,35.56,35.53,35.56,,36.85,36.84,Male,26-30,Asian,26.1,43.7,0.72,0,14:32:11,17-02-2024
-0.4,35.43,35.42,34.99,35.08,35.52,35.52,35.21,35.53,35.61,35.6,35.57,35.65,35.03,35.29,35.84,35.83,35.6,35.1,35.47,35.27,34.79,35.86,35.73,36.18,36.14,36.18,,36.85,36.99,Male,21-25,Asian,26.4,42.5,0.73,0,15:29:03,17-02-2024
-0.52,35.58,35.62,34.95,35.23,35.55,35.55,35.3,35.58,35.61,35.61,35.48,35.62,35.31,35.5,35.62,35.61,33.6,34.01,34.41,33.56,33.76,35,34.57,36.4,36.36,36.4,,36.8,36.84,Female,18-20,White,26.5,42.1,0.7,0,16:41:56,17-02-2024
-0.18,34.87,34.86,33.6,33.43,35.03,34.84,35.03,35.05,34.82,34.81,34.76,34.86,34.8,34.65,35.05,35.03,33.38,33.72,33.67,33.4,33.47,35.01,34.07,35.36,35.33,35.36,,36.85,36.39,Male,21-25,Hispanic/Latino,22.8,24.2,0.82,0,10:02:25,17-02-2027
-0.11,35.57,35.69,35.29,35.25,35.54,35.54,35.24,35.57,35.64,35.64,35.02,35.69,35.21,35,35.69,35.64,34.09,33.35,34.21,33.93,34.35,35.03,34.76,35.96,35.92,35.96,,36.85,36.69,Male,18-20,White,23.1,17.6,0.74,0,13:52:40,17-02-2027
-0.44,35.17,34.91,34.57,34.63,35.19,35.19,34.6,35.21,34.91,34.91,34.36,34.92,,,,,34.08,34.21,34.28,34.34,34.27,35.74,34.6,35.74,35.39,35.41,,36.85,36.94,Female,18-20,Black or African-American,23.6,17.7,0.7,0,14:07:08,17-02-2027
-0.16,35.91,35.58,35.61,33.89,35.9,35.9,35.77,35.91,35.62,35.62,35.54,35.68,35.72,34.68,35.91,35.9,34.25,34.16,34.31,34.23,34.34,35.5,34.67,35.99,35.85,35.98,,36.8,36.89,Female,18-20,White,23.1,17.9,0.7,1,15:27:55,17-02-2027
-0.37,35.58,36.03,34.68,35.58,35.58,35.58,35.41,35.58,35.97,35.97,35.61,36.03,35.3,35.43,36.03,35.97,34.04,34.45,34.52,34.05,34.21,34.79,34.59,36.03,34.75,34.76,,36.9,36.99,Female,18-20,Multiracial,23.4,17.9,0.75,0,15:51:40,17-02-2027
,,,,,,,,,,,,,,,,,,,,,,,,,,,,36.55,36.44,Female,18-20,Asian,22.8,57.2,0.67,0,08:39:31,17-03-2001
-0.5,35.46,35.37,34.87,35.02,35.53,35.53,34.92,35.56,35.41,35.41,35.35,35.51,34.41,35.15,35.56,35.53,34.07,34.05,34.21,34.13,34.29,34.84,34.45,35.91,35.87,35.91,,36.8,37.14,Female,18-20,White,25.3,54.2,0.67,1,12:58:53,17-03-2001
-0.6,36.02,35.16,35.61,34.78,35.98,35.98,35.64,36.02,35.24,35.2,35.23,35.28,35.66,35.06,36.02,35.98,34.57,34.55,34.33,34.67,34.75,35.36,35.15,36.09,35.98,36,,37.1,37.24,Female,18-20,Asian,25.4,43.2,0.63,1,14:58:49,17-03-2001
-0.62,36.33,35.88,35.37,35.36,36.31,36.31,36.01,36.33,35.81,35.81,34.94,35.88,35.4,34.79,36.33,36.32,34.7,34.33,34.65,34.78,34.64,35.24,35.22,36.33,35.73,35.75,,36.85,36.69,Male,21-25,White,25.6,40.2,0.66,0,15:16:02,17-03-2001
,,,,,,,,,,,,,,,,,,,,,,,,,,,,37.05,36.99,Female,21-25,Asian,25.2,39.3,0.75,1,16:12:23,17-03-2001
,,,,,,,,,,,,,,,,,,,,,,,,,,,,36.4,35.94,Male,18-20,White,23.1,18.9,0.72,0,10:44:54,17-03-2002
,,,,,,,,,,,,,,,,,,,,,,,,,,,,36.95,37.14,Female,18-20,Asian,23.2,18.4,0.72,1,13:12:33,17-03-2002
-0.28,34.93,34.73,34.46,34.01,34.92,34.92,34.79,34.94,35.06,35.06,34.89,35.09,34.43,34.18,35.09,35.06,33.79,33.63,33.68,33.58,33.93,34.6,34.09,35.47,35.44,35.47,,36.95,36.84,Female,21-25,White,23.6,17.4,0.66,0,14:52:04,17-03-2002
-0.34,34.45,34.9,33.79,34.42,34.43,34.38,34.42,34.44,34.84,34.84,34.37,34.9,34.34,34.22,34.9,34.84,33.83,33.31,33.56,33.53,33.93,35.58,34.68,35.58,33.94,33.97,,37,37.04,Female,18-20,Black or African-American,23.7,17,0.61,0,15:17:42,17-03-2002
-0.53,35.32,35.14,34.98,34.86,35.34,35.29,35.34,35.37,35.12,35.12,35,35.14,34.93,35.02,35.46,35.4,34.56,34.46,34.81,34.41,34.24,35.71,35.28,36.11,36.01,36.11,,37.1,37.09,Female,18-20,Asian,23.9,17.4,0.61,1,15:34:47,17-03-2002
-0.4,35.42,35.39,34.98,34.65,35.72,35.72,35.62,35.75,35.56,35.56,35.27,35.58,35.23,34.81,35.75,35.73,34.72,34.72,34.55,34.66,35.23,35.92,35.73,35.92,35.81,35.82,,37,36.99,Male,18-20,Asian,23.3,16.6,0.61,0,16:44:07,17-03-2002
0.01,34.55,34.59,33.64,34.03,34.56,34.56,34.1,34.6,34.67,34.67,33.71,34.71,34.08,33.75,34.71,34.67,33.55,33.69,33.04,33.16,33.56,35.06,34.01,35.29,35.18,35.19,,36.65,36.24,Female,21-25,White,22.6,15.9,0.68,0,13:14:31,17-03-2003
0,35.56,35.16,35.19,34.74,35.58,35.58,35.26,35.63,35.25,35.25,34.91,35.27,35.17,34.71,35.63,35.58,33.85,34.57,34.17,34.05,34.33,35.22,34.77,35.92,35.85,35.92,,37.05,37.14,Female,18-20,Black or African-American,22.7,14,0.64,1,14:52:23,17-03-2003
-0.16,35.19,35.66,34.78,34.98,35.18,35.18,34.9,35.19,35.61,35.61,34.97,35.65,35.03,34.97,35.66,35.61,34.03,34.04,34.52,34.05,33.68,35.02,35.02,35.65,34.72,34.74,,36.8,36.79,Male,26-30,Asian,23,14,0.73,0,15:18:29,17-03-2003
-0.51,34.61,35.33,34.22,34.96,34.55,34.55,34.37,34.6,35.29,35.29,34.82,35.33,34.11,34.45,35.33,35.29,34.06,34.35,34.15,34.14,34.04,35.02,34.61,35.33,34.86,34.91,,36.85,36.34,Male,21-25,Black or African-American,23,12.6,0.69,0,15:46:41,17-03-2003
-0.53,35.93,35.44,34.7,34.92,36.05,35.83,36.05,36.08,35.46,35.46,35.31,35.5,35.73,35.15,36.08,36.05,35.05,34.79,35.29,34.91,33.25,35.47,35.39,36.08,35.91,35.96,,36.95,36.89,Male,18-20,Asian,23.2,13.3,0.67,0,16:14:56,17-03-2003
-0.31,35.27,35.49,35.01,35.06,35.25,35.25,34.86,35.27,35.46,35.46,35.14,35.49,34.9,34.63,35.49,35.46,33.72,34.25,34.19,34.01,33.96,34.66,34.33,35.49,35.11,35.14,,37,36.64,Female,21-25,Black or African-American,23.2,17.5,0.6,0,11:33:40,17-03-2006
-0.43,36.22,36.41,35.71,35.93,36.21,36.21,35.84,36.22,36.35,36.35,35.84,36.41,35.69,35.89,36.41,36.35,35.1,35.39,34.99,34.95,34.95,36.14,35.44,36.41,35.91,35.93,,37.05,37.19,Male,18-20,White,23.5,19.4,0.66,0,14:28:57,17-03-2006
-0.23,34.58,35.09,34.03,34.72,34.83,34.78,34.83,34.84,35.07,35.07,34.63,35.09,33.99,34.56,35.09,35.07,33.1,34.14,33.5,32.94,33.34,34.41,34.39,36.04,36.02,36.04,,36.7,36.79,Female,21-25,Hispanic/Latino,22.7,20.1,0.7,0,15:59:08,17-03-2006
-0.1,35.02,35.1,32.92,34.03,35.24,35.23,35.22,35.26,35.09,35.09,34.78,35.11,34.12,33.56,35.26,35.24,33.74,33.86,33.58,33.72,33.92,35.43,34.13,35.6,35.5,35.6,,37.05,36.99,Female,21-25,Multiracial,23,20.9,0.7,0,16:24:14,17-03-2006
-0.39,35.15,34.84,34.89,34.48,35.14,35.14,34.9,35.15,34.81,34.81,34.6,34.84,34.85,34.29,35.15,35.14,34.07,33.85,33.82,33.93,33.94,34.89,34.41,35.33,34.91,34.93,,36.85,36.54,Male,31-40,Asian,23.2,35.2,0.6,0,10:24:16,17-03-2007
-0.51,35.65,35.72,35.21,35.35,35.62,35.62,35.52,35.65,35.72,35.72,35.55,35.73,35.24,35.23,35.73,35.72,34.6,34.45,34.6,34.85,35,35.89,35.3,35.9,35.68,35.69,,36.9,37.04,Male,21-25,Black or African-American,24.7,36.9,0.74,0,16:18:28,17-03-2007
-0.46,35.7,35.6,34.53,34.63,35.66,35.53,35.66,35.71,35.57,35.53,35.56,35.6,35.45,35.3,35.7,35.66,34.15,34.27,34.24,34.16,34.27,34.91,34.91,36.13,36.09,36.13,,37.05,37.14,Female,18-20,Hispanic/Latino,23.1,20.4,0.75,0,12:13:33,17-03-2008
-0.28,35.06,35.63,34.69,34.96,35.07,35,35.07,35.12,35.6,35.6,35.41,35.63,34.89,35.51,35.63,35.6,33.74,33.47,34.05,33.78,34.2,34.77,34.26,35.63,35.36,35.4,,36.75,36.99,Female,21-25,White,23.5,17,0.75,1,12:46:13,17-03-2008
-0.35,35.21,35.23,34.43,34.64,35.19,35.19,35.02,35.21,35.2,35.2,35,35.23,34.92,34.66,35.54,35.5,34.62,34.55,34.49,34.74,34.94,35.72,35.16,35.72,35.54,35.59,,37.1,37.19,Female,18-20,Black or African-American,23.7,15.7,0.85,0,14:06:24,17-03-2008
-0.37,35.76,36.02,34.95,35.59,35.85,35.77,35.84,35.93,36.01,36.01,35.94,36.02,35.55,35.81,36.02,36.01,35.09,35.19,35.21,35.21,35.14,35.96,35.57,36.02,35.97,36,,37,36.99,Female,18-20,White,24.4,15.5,0.73,1,15:17:52,17-03-2008
-0.22,35.22,35.32,34.72,34.7,35.18,35.18,35.03,35.22,35.26,35.26,35.12,35.32,35.05,35.13,35.32,35.26,33.53,33.31,34.21,33.25,33.9,34.72,34.72,36.31,36.27,36.31,,36.9,36.94,Female,21-25,White,23.8,15.1,0.62,1,10:59:02,17-03-2009
-0.46,34.45,34.39,31.93,33.5,35.33,34.84,35.33,35.35,34.61,34.61,34.32,34.65,33.96,33.51,35.35,35.34,33.55,32.88,33.36,33.24,33.65,34.34,34.12,35.67,35.6,35.65,,36.5,36.44,Male,21-25,White,24.1,15.4,0.62,0,11:30:48,17-03-2009
-0.62,35.46,35.13,34.64,34.39,35.52,35.52,35.19,35.52,35.54,35.41,35.54,35.57,34.35,34.75,35.57,35.54,33.88,34.16,33.79,33.48,33.68,34.84,34.18,35.57,35.17,35.26,,36.75,36.84,Male,18-20,Asian,25.3,17,0.7,0,14:10:45,17-03-2009
-0.52,36.13,36.03,35.71,35.56,36.09,36.09,35.89,36.13,35.98,35.98,35.54,36.03,35.67,35.35,36.13,36.09,34.78,34.72,34.49,34.89,34.85,35.72,35.3,36.13,35.9,35.93,,37.25,37.24,Male,18-20,Black or African-American,25.9,15.8,0.68,1,14:28:42,17-03-2009
-0.29,35.03,35.21,34.57,34.5,35.58,35.57,35.52,35.68,35.86,35.86,35.36,35.9,34.6,34.5,36.08,36.04,33.86,33.64,34.35,33.57,34.11,35,34.55,36.08,35.7,35.75,,37.1,37.04,Male,18-20,White,25.5,14.9,0.68,0,14:50:55,17-03-2009
-0.41,34.94,34.92,34.02,34.23,35.21,35.21,34.64,35.22,35.15,35.15,35.05,35.16,34,34.82,35.22,35.21,35.13,34.9,35.27,34.74,35.11,36.15,35.4,36.15,35.72,35.72,,37.05,37.09,Female,21-25,White,25.6,14.9,0.62,0,16:13:07,17-03-2009
,,,,,,,,,,,,,,,,,,,,,,,,,,,,37.05,37.34,Female,18-20,White,26,16.1,0.65,0,16:26:51,17-03-2009
-0.48,35.59,35.77,34.95,35.35,35.53,35.52,35.5,35.59,35.71,35.71,34.95,35.77,35.44,34.72,35.77,35.71,34.83,35.16,34.58,34.64,34.99,35.57,35.19,36.13,36.06,36.1,,36.85,36.69,Male,21-25,White,26,16.1,0.68,0,16:41:09,17-03-2009
-1.08,35.88,35.41,35.16,32.87,35.83,35.83,35.11,35.88,35.69,35.35,35.69,35.72,34.75,35.08,35.88,35.83,34.68,34.39,34.46,34.13,34.69,35.27,34.87,35.88,35.83,35.84,,36.7,36.79,Male,31-40,White,22,25.4,0.85,0,10:47:27,17-03-2010
-0.28,35.42,35.24,34.72,34.45,35.4,35.4,34.65,35.42,35.22,35.22,35.03,35.24,34.51,34.56,35.42,35.4,33.1,33.34,33.86,33.3,33.18,34.59,33.99,35.42,35.08,35.14,,37.15,36.89,Male,21-25,Black or African-American,22.2,21.2,0.6,0,14:08:57,17-03-2010
-0.53,36.08,35.9,35.53,35.56,36.06,36.06,35.83,36.08,35.89,35.89,35.81,35.9,35.7,35.75,36.08,36.06,34.46,34.03,34.09,34.41,34.37,34.83,34.83,36.08,35.68,35.74,,36.95,37.29,Male,21-25,White,22.4,20.4,0.77,0,14:54:45,17-03-2010
-0.13,34.9,35.07,33.96,34.33,35.06,34.58,35.06,35.15,35.09,34.88,35.09,35.1,34.5,34.86,35.25,35.22,34.38,34.43,34.76,34.18,34.23,35.18,35.18,35.39,35.34,35.39,,36.85,37.14,Male,21-25,Asian,22.4,18.2,0.74,0,15:40:55,17-03-2010
-0.25,34.28,34.57,33.11,32.98,34.49,34.37,34.49,34.5,34.56,34.56,34.47,34.62,34.06,34.06,34.62,34.56,34,34.25,32.95,34.05,34.21,35.01,34.4,35.01,33.51,33.54,,36.95,36.59,Male,18-20,Black or African-American,22.7,18.4,0.75,0,16:19:41,17-03-2010
,,,,,,,,,,,,,,,,,,,,,,,,,,,,36.75,36.19,Female,18-20,White,22.1,13.2,0.67,0,11:24:48,17-03-2013
-0.16,35.49,35.94,34.63,35.51,35.92,35.73,35.92,35.93,35.92,35.92,35.69,35.98,34.8,35.23,35.98,35.94,34.55,34.59,34.23,34.38,34.31,35.22,34.91,36.14,36.1,36.14,,37.2,37.24,Male,18-20,Asian,22.1,13.5,0.67,0,12:07:59,17-03-2013
-0.43,35.25,35.6,33.25,33.99,35.26,35.2,35.26,35.27,35.53,35.53,35.29,35.6,35.06,35.05,35.6,35.53,33.79,33.57,33.36,33.64,33.82,34.63,34.2,35.6,34.92,34.96,,36.45,36.54,Male,21-25,White,22.4,13.4,0.8,0,10:26:46,17-03-2015
-0.32,35.17,34.99,32.96,31.63,35.11,35.11,35.06,35.17,35.11,34.92,35.11,35.25,34.88,34.81,35.25,35.15,34.19,34.62,34.14,33.79,34.18,35.06,35.01,35.25,34.24,34.3,,36.85,36.79,Male,18-20,Black or African-American,22.3,13,0.8,1,11:36:47,17-03-2015
-0.23,35.56,35.12,34.86,34.75,35.7,35.7,35.48,35.72,35.4,35.4,34.9,35.44,34.97,34.48,35.72,35.7,35.04,35.18,35.02,34.89,35.01,35.72,35.49,35.85,35.67,35.71,,36.95,36.94,Female,21-25,White,23.2,13.4,0.68,1,15:41:18,17-03-2015
-0.35,35.08,34.86,34.38,34.52,35.01,35.01,34.78,35.08,34.9,34.9,34.31,34.92,34.75,34.13,35.08,35.01,34.57,34.29,34.58,34.22,34.59,34.91,34.86,35.12,35.09,35.12,,36.45,36.19,Female,18-20,Asian,23.4,13.2,0.72,1,16:08:16,17-03-2015
-0.13,35.85,35.12,35.64,34.1,35.83,35.83,35.78,35.85,35.33,35.33,35.22,35.38,35.71,34.32,35.85,35.83,34.74,34.62,33.8,34.43,34.99,35.31,35.2,35.85,34.85,34.88,,36.85,37.14,Male,18-20,White,23.5,13.9,0.74,0,16:35:47,17-03-2015
-0.32,35.73,36.17,34.77,35.79,36.05,35.69,36.05,36.07,36.15,36.15,35.37,36.17,35.46,35.42,36.17,36.15,33.76,34.67,33.74,34.3,33.82,35.55,35.03,37.06,37.02,37.06,,36.9,37.64,Female,18-20,White,23,13.3,0.78,1,10:51:50,17-03-2016
-0.14,35.47,35.46,35.05,35.02,35.43,35.43,34.81,35.47,35.4,35.4,35.01,35.46,34.93,35.13,35.47,35.45,33.16,33.74,33.6,33.35,33.2,34.37,33.89,35.47,35.32,35.38,,36.9,36.84,Male,21-25,White,22.5,14.1,0.75,0,14:10:20,17-03-2016
-0.06,35.6,35.79,34.72,35.26,35.6,35.6,35.47,35.61,35.77,35.77,35.67,35.79,34.42,35.2,35.79,35.77,34.64,34.33,33.67,34.35,34.16,35.22,34.8,35.96,35.51,35.54,,36.65,36.89,Female,18-20,White,22.6,14.4,0.62,1,14:40:48,17-03-2016
,,,,,,,,,,,,,,,,,,,,,,,,,,,,37.25,37.34,Female,18-20,White,22.7,14.7,0.62,0,15:06:23,17-03-2016
-0.03,34.66,35.43,31.26,32.6,35.89,34.23,35.89,35.92,35.7,35.65,35.69,35.75,34.01,34.55,36.06,35.99,34.61,34.94,34.26,34.33,34.6,35.45,35.34,36.32,36.29,36.31,,36.85,37.09,Female,31-40,White,22.7,14.3,0.67,0,15:28:43,17-03-2016
-0.31,35.47,35.6,34.67,35.09,35.5,35.46,35.48,35.53,35.51,35.51,35.04,35.6,35.34,35.02,35.6,35.54,33.35,33.62,32.45,33.18,33.59,34.83,33.94,35.6,34.92,35.01,,36.8,36.59,Male,21-25,Hispanic/Latino,22.6,13.8,0.67,0,16:08:04,17-03-2016
-0.42,35.26,35.33,33.66,33.13,35.22,35.21,35.19,35.26,35.47,35.34,35.47,35.5,34.9,34.69,35.5,35.47,33.64,33.87,33.88,33.49,33.96,34.87,34.37,35.59,35.56,35.59,,36.95,36.94,Female,21-25,White,23,14.2,0.63,0,16:56:00,17-03-2016
-0.11,35.42,35.51,34.36,34.72,35.44,35.44,35.33,35.46,35.51,35.51,35.07,35.51,34.74,34.11,35.51,35.5,34.08,34.01,33.98,33.59,34.02,35.22,34.89,35.66,35.56,35.59,,37.05,37.09,Female,18-20,White,22.9,13.9,0.71,0,17:11:31,17-03-2016
,,,,,,,,,,,,,,,,,,,,,,,,,,,,36.7,36.79,Male,21-25,White,22.6,14.8,0.7,0,10:58:37,17-03-2017
-0.12,34.9,34.78,34.69,34.35,34.93,34.93,34.63,35,34.8,34.8,34.64,34.82,34.61,34.32,35,34.95,34.4,34.25,34,34.55,34.06,35.16,34.89,35.16,34.87,34.92,,36.6,36.44,Male,21-25,Asian,22.5,14.3,0.75,0,11:19:13,17-03-2017
-0.13,34.42,35.06,33.55,34.53,34.81,34.61,34.81,34.84,35.03,35.02,34.92,35.06,34.12,34.82,35.06,35.03,34.25,33.81,33.93,34.29,34,34.86,34.58,35.47,35.44,35.47,,36.7,36.39,Male,18-20,Asian,22.1,14.6,0.85,0,12:21:55,17-03-2017
,,,,,,,,,,,,,,,,,,,,,,,,,,,,37.25,37.34,Female,18-20,White,22.4,14.7,0.7,1,13:00:16,17-03-2017
-0.03,35.75,35.6,35.06,34.81,35.78,35.78,35.33,35.83,35.59,35.58,35.52,35.61,34.85,34.99,35.83,35.78,34.1,33.68,34.37,34.07,34.28,35.43,34.79,36.24,35.99,36.04,,36.85,36.54,Male,18-20,Hispanic/Latino,22.7,14,0.73,0,15:03:15,17-03-2017
-0.09,34.59,34.48,33.82,33.7,34.56,34.56,34.21,34.59,34.49,34.49,34.34,34.53,33.71,34.32,34.59,34.56,32.75,32.93,33.15,32.88,33.39,35.75,33.81,35.78,34.52,34.57,,36.95,36.79,Female,21-25,Black or African-American,22.7,13.6,0.65,1,15:22:07,17-03-2017
0.06,35.27,35.02,34.7,34.61,35.4,35.21,35.4,35.45,34.95,34.95,34.43,35.02,35,34.5,35.45,35.41,33.34,32.99,32.81,33.14,32.93,34.64,33.84,35.45,34.84,34.89,,36.75,36.59,Female,18-20,White,22.6,13.5,0.62,0,15:57:25,17-03-2017
-0.17,35.81,36.35,35.15,35.68,36.19,35.87,36.19,36.21,36.35,36.35,36.2,36.4,35.62,36.04,36.4,36.35,34.38,34.38,34.32,34.46,34.79,35.43,35.02,36.4,36.21,36.23,,37.35,37.49,Female,21-25,Black or African-American,22.9,13.5,0.65,0,16:13:21,17-03-2017
0.46,35.24,35.39,34.72,34.71,35.49,35.49,34.52,35.51,35.65,35.51,35.65,35.66,34.37,35.06,35.66,35.65,34.19,33.8,34.23,34.16,34.49,34.78,34.56,36.02,35.99,36.02,,37.05,36.79,Female,18-20,White,22.2,11.7,0.78,0,09:10:04,17-03-2023
,,,,,,,,,,,,,,,,,,,,,,,,,,,,36.85,36.59,Male,31-40,White,23,10.7,0.75,1,10:36:31,17-03-2023
-0.27,36.06,35.45,35.66,34.87,36.05,36.04,36.03,36.06,35.42,35.41,35.35,35.46,35.98,35.22,36.06,36.05,33.9,33.66,34.02,33.77,33.77,34.89,34.49,36.06,35.2,35.24,,37,36.74,Female,18-20,White,22.2,42.5,0.6,0,09:23:06,17-03-2027
,,,,,,,,,,,,,,,,,,,,,,,,,,,,36.95,36.69,Male,18-20,Black or African-American,22.2,43.1,0.78,0,09:48:20,17-03-2027
0,35.76,35.84,35.03,34.41,35.75,35.75,35.69,35.76,35.8,35.8,35.75,35.84,35.07,35.52,35.84,35.8,34.46,34.59,34.88,34.14,34.38,35.22,35.14,35.84,35.34,35.39,,36.9,37.24,Male,31-40,Hispanic/Latino,22.7,42.1,0.76,0,10:00:55,17-03-2027
-0.15,35.26,35.45,33.95,34.54,35.84,35.07,35.84,35.87,35.62,35.43,35.62,35.65,34.96,34.99,35.89,35.87,33.99,33.82,33.39,33.98,33.48,34.89,34.21,36.34,36.29,36.34,,36.75,37.04,Male,18-20,White,22.7,42.4,0.72,0,10:17:24,17-03-2027
-0.05,34.33,35.07,31.56,32.38,35.45,34.26,35.45,35.46,35.37,35.17,35.37,35.39,34.01,34.7,35.46,35.45,34.55,34.38,34.3,34.03,34.38,34.84,34.79,35.68,35.63,35.68,,37.1,37.14,Female,18-20,White,22.9,45,0.74,0,11:50:58,17-03-2027
,,,,,,,,,,,,,,,,,,,,,,,,,,,,36.85,36.94,Female,21-25,Asian,23,47.3,0.66,1,12:52:34,17-03-2027
-0.25,35.12,35.26,34.4,34.59,35.32,35.32,35.12,35.34,35.32,35.32,35.08,35.33,34.66,34.74,35.34,35.33,34.72,34.49,34.39,34.64,34.78,35.07,34.86,36.22,35.67,35.72,,36.7,36.84,Male,21-25,Hispanic/Latino,23.2,47.7,0.76,0,13:29:35,17-03-2027
-0.26,35.32,34.63,34.97,34.21,35.4,35.4,34.72,35.43,34.89,34.89,34.13,34.9,34.53,34.07,35.59,35.57,34.76,34.44,33.76,34.33,34.97,35.26,35.01,35.69,35.68,35.69,,36.95,36.99,Female,21-25,Asian,23.8,47.1,0.76,1,13:44:20,17-03-2027
-0.08,34.87,35.2,34.37,34.29,34.86,34.86,34.79,34.87,35.18,35.18,35.06,35.2,34.7,35.01,35.2,35.18,32.96,33.21,32.98,32.89,32.53,33.35,33.35,36.18,36.13,36.18,,36.95,37.24,Female,21-25,White,24.2,46.8,0.78,1,13:59:50,17-03-2027
-0.43,35.11,35.07,34.56,34.61,35.1,35.1,34.84,35.11,35.21,35.21,35.05,35.23,34.75,34.6,35.27,35.23,34.14,34.22,34.16,34.14,34.38,34.88,34.56,35.76,35.74,35.76,,36.85,36.89,Female,18-20,Asian,24.5,47.2,0.73,0,14:12:05,17-03-2027
,,,,,,,,,,,,,,,,,,,,,,,,,,,,36.85,36.74,Female,21-25,White,24.5,57,0.71,1,11:00:03,17-03-2028
-0.04,36.01,36.08,35.72,35.68,35.96,35.96,35.58,36.01,36.07,36.07,35.82,36.08,35.57,35.25,36.08,36.07,34.51,34.32,34.31,34.33,34.57,34.99,34.99,36.08,35.52,35.59,,37,37.04,Female,21-25,White,24.9,57,0.73,0,11:12:55,17-03-2028
-0.26,35.76,35.92,35.35,35.67,35.71,35.71,34.99,35.76,35.87,35.87,35.51,35.92,34.79,35.52,35.92,35.87,34.7,34.4,34.23,34.5,34.79,34.95,34.95,36.02,35.98,36.02,,37.05,36.84,Male,26-30,White,24.7,57.9,0.73,0,11:48:16,17-03-2028
-0.36,34.39,35.32,33.81,34.67,35.04,34.36,35.04,35.04,35.36,35.31,35.36,35.38,34.26,35.26,35.38,35.36,33.81,33.27,33.35,33.46,34.07,34.26,34.16,35.38,33.79,33.83,,36.6,36.84,Female,21-25,White,24.8,57,0.73,0,12:12:24,17-03-2028
-0.26,35.47,35.35,34.52,34.94,35.42,35.42,35.14,35.47,35.32,35.32,34.73,35.35,35.26,34.47,35.47,35.42,33.72,33.33,34.03,33.8,33.64,35.22,34.26,35.7,35.4,35.4,,37.15,36.99,Male,18-20,White,25.1,50.2,0.73,0,14:51:20,17-03-2028
,,,,,,,,,,,,,,,,,,,,,,,,,,,,36.5,36.24,Male,21-25,White,25.1,50.2,0.73,0,15:09:44,17-03-2028
,,,,,,,,,,,,,,,,,,,,,,,,,,,,36.7,36.84,Female,18-20,Black or African-American,25.1,50.2,0.73,0,15:28:11,17-03-2028
-0.16,34.84,34.76,34.34,34.43,35.06,35.06,34.9,35.11,34.83,34.83,34.49,34.83,34.16,34.42,35.11,35.06,33.94,34.1,33.78,33.97,34,35.03,34.41,35.26,35.08,35.12,,36.5,36.44,Female,18-20,White,22.9,35,0.65,0,09:20:57,17-03-2029
,,,,,,,,,,,,,,,,,,,,,,,,,,,,37,36.69,Female,21-25,Black or African-American,23,33,0.65,0,09:51:08,17-03-2029
,,,,,,,,,,,,,,,,,,,,,,,,,,,,36.75,36.99,Female,21-25,Hispanic/Latino,23.7,31.3,0.75,0,10:29:52,17-03-2029
-0.11,35.63,35.73,34.89,35.36,35.61,35.61,35.58,35.63,35.75,35.75,35.22,35.8,35.54,35.16,35.79,35.75,34.66,34.81,34.67,34.78,34.77,35.47,35,35.91,35.88,35.91,,37,37.29,Female,21-25,White,23.6,30.6,0.75,0,10:51:37,17-03-2029
,,,,,,,,,,,,,,,,,,,,,,,,,,,,36.8,37.09,Male,21-25,Asian,24.1,30.1,0.72,1,11:04:48,17-03-2029
-0.3,35.43,35.58,35,35.31,35.4,35.4,35.07,35.42,35.56,35.56,35.26,35.58,35.19,35.27,35.58,35.56,34.13,33.97,34.22,34.12,34.37,35.16,34.51,35.85,35.84,35.85,,36.9,36.79,Male,18-20,White,24.2,30.1,0.77,0,11:18:43,17-03-2029
-0.17,35.82,36.18,35.21,35.71,35.85,35.85,35.64,35.88,36.17,36.17,35.76,36.21,35.49,34.96,36.21,36.17,34.88,34.45,34.77,34.89,34.71,35.69,35.4,36.48,36.4,36.48,,37,37.09,Female,26-30,White,24,28.3,0.7,0,13:15:56,17-03-2029
-0.33,35.2,35.26,34.86,34.9,35.44,35.44,35.41,35.48,35.25,35.25,34.98,35.27,35.15,34.81,35.74,35.67,34.49,34.74,34.77,34.37,34.17,35.36,34.95,35.92,35.9,35.92,,37.4,37.29,Female,18-20,Asian,24.6,27.5,0.62,0,14:42:57,17-03-2029
-0.23,35.4,35.28,35.06,34.93,35.37,35.37,35.2,35.4,35.21,35.21,34.89,35.28,35.07,34.7,35.45,35.44,34.61,34.33,34.46,34.6,34.61,35.79,34.97,35.97,35.96,35.97,,36.9,36.99,Male,18-20,Asian,25.1,26.9,0.67,0,14:57:23,17-03-2029
-0.42,35.21,35.26,34.76,34.53,35.21,35.21,35.08,35.22,35.25,35.25,35.21,35.26,34.91,35.17,35.26,35.25,34.29,34.51,34.55,34.66,34.55,35.27,35.08,36.34,36.2,36.22,,37,37.14,Female,18-20,White,25.1,26.2,0.61,0,15:15:37,17-03-2029
-0.24,35.71,35.92,35.27,35.34,36.08,36.08,35.29,36.1,36.02,36.02,35.67,36.03,35.25,35.38,36.1,36.08,34.53,34.65,34.64,33.92,34.33,35.1,34.89,36.26,36.24,36.26,,36.9,36.94,Male,21-25,White,25.2,25.8,0.66,0,15:38:39,17-03-2029
,,,,,,,,,,,,,,,,,,,,,,,,,,,,38.3,38.84,Male,18-20,White,25.5,25.5,0.66,0,15:52:35,17-03-2029
-0.32,37.75,37.38,37.38,36.51,37.74,37.74,37.4,37.76,37.47,37.37,37.47,37.48,37.42,37.17,37.76,37.74,35.85,35.51,35.96,35.73,35.9,36.38,36.31,37.81,37.76,37.81,,38.3,38.49,Male,18-20,White,25.6,24.8,0.68,0,16:07:37,17-03-2029
-0.26,34.53,35.67,33.35,34.73,35.65,34.45,35.65,35.74,35.67,35.62,35.64,35.68,34.18,35.56,35.74,35.74,34.29,34.79,33.94,34.28,34.3,35.2,35.17,35.96,35.96,35.96,,37.05,37.14,Male,26-30,White,25.6,24.3,0.71,0,16:22:27,17-03-2029
-0.29,34.03,34.69,32.47,34.13,34.32,34.01,34.32,34.34,34.75,34.75,34.52,34.82,33.82,34.33,34.82,34.75,33.47,33.64,34.03,33.57,33.29,34.91,34.36,35.02,34.89,34.94,,36.95,36.74,Female,21-25,Asian,22,22.5,0.74,0,10:33:27,17-03-2030
-0.05,36.23,36.18,35.81,35.69,36.21,36.21,35.88,36.23,36.14,36.14,35.51,36.18,35.92,34.73,36.23,36.21,35.06,35.03,34.89,34.96,35.25,35.6,35.37,36.23,35.86,35.89,,37.25,37.44,Male,18-20,Asian,22.4,22.2,0.74,0,10:55:08,17-03-2030
-0.21,34.47,34.46,33.89,34.17,34.63,34.63,34.19,34.65,34.75,34.75,34.02,34.82,34.24,33.96,34.82,34.76,33.73,33.51,33.67,33.71,33.85,35.25,34.59,35.25,34.65,34.68,,36.95,36.54,Female,21-25,Asian,22.9,24.1,0.74,0,14:43:20,17-03-2030
-0.42,34.02,34.57,32.8,34.05,35.22,34.12,35.22,35.34,34.71,34.61,34.71,34.72,33.78,34.32,35.4,35.37,34.82,35.03,34.77,34.49,34.85,35.48,35.48,35.48,34.57,34.58,,37.1,36.99,Female,21-25,Asian,23.3,23.4,0.64,1,15:02:56,17-03-2030
-0.31,35.51,35.57,33.88,35.03,35.68,35.21,35.68,35.72,35.6,35.6,35.3,35.6,35.21,34.39,35.72,35.68,34.97,34.46,34.39,34.45,35.14,35.22,35.22,36.48,36.47,36.48,,37,36.99,Female,26-30,White,23.1,24.2,0.62,0,16:01:10,17-03-2030
0.2,34.77,34.72,34.02,34.33,34.77,34.76,34.75,34.81,34.66,34.66,34.43,34.72,34.3,34.44,34.91,34.87,33.44,33.83,32.19,33.38,33.37,34.98,34.01,35.79,35.76,35.79,,37,37.04,Female,31-40,Asian,22.1,37,0.7,0,08:44:44,17-03-2031
-0.02,36.15,36,35.64,35.61,36.21,36.21,36.08,36.22,35.97,35.97,35.81,36,35.53,35.57,36.22,36.21,34.68,34.92,34.95,34.78,34.93,35.43,35.24,36.24,36.19,36.24,,36.7,37.09,Female,18-20,Hispanic/Latino,22.3,35.9,0.7,0,09:19:54,17-03-2031
-0.21,33.73,34.94,31.24,34.05,34.79,34.28,34.79,34.85,34.91,34.91,34.36,34.94,32.63,34.37,34.94,34.91,33.36,32.86,33.22,33.39,32.81,33.62,33.46,35.28,35.25,35.26,,36.95,36.54,Male,26-30,Black or African-American,22.5,35.8,0.78,1,09:46:08,17-03-2031
0.04,35.5,35.35,34.36,34.76,35.48,35.45,35.43,35.54,35.4,35.32,35.4,35.44,35.14,35.3,35.54,35.48,31.33,31.96,32.29,31.91,31.27,34.13,33.65,36.31,36.25,36.31,,37.4,37.89,Female,18-20,White,22.6,36.3,0.7,0,10:05:08,17-03-2031
-0.21,34.7,34.27,34,34.09,34.76,34.76,33.93,34.82,34.55,34.55,34.22,34.58,33.86,34.11,34.94,34.92,33.87,33.82,33.51,33.93,33.37,34.66,34.34,35.38,35.35,35.38,,36.85,36.64,Female,18-20,Asian,22.4,37,0.6,1,10:32:33,17-03-2031
,,,,,,,,,,,,,,,,,,,,,,,,,,,,36.75,36.79,Female,18-20,Asian,21.8,39.2,0.7,1,11:32:19,17-03-2031
-0.22,34.68,35,34.03,34.69,34.76,34.76,33.87,34.78,34.99,34.99,34.62,35,32.5,34.45,35.34,35.32,33.82,33.69,33.8,33.77,34.05,34.98,34.62,35.45,35.4,35.45,,36.65,36.74,Female,21-25,Asian,22.8,43,0.72,0,15:09:29,17-03-2031
-0.27,35.44,35.16,35.06,34.83,35.4,35.4,35.24,35.44,35.33,35.33,35.22,35.39,35.08,34.92,35.45,35.44,34.45,34.59,34.64,34.21,34.73,35.95,35.06,35.95,35.86,35.94,,36.85,37.04,Female,21-25,Asian,22.8,43.5,0.65,1,15:34:11,17-03-2031
-0.2,34.2,34.44,33.46,33.69,34.72,34.08,34.72,34.79,34.95,34.51,34.95,34.97,34.04,34.34,35.12,35.08,34.35,34.46,34.56,33.92,34.64,35.83,35.11,35.83,34.96,34.99,,36.8,37.04,Female,21-25,Asian,22.7,45,0.7,0,16:29:25,17-03-2031
-0.26,34.57,34.83,34.21,34.18,34.58,34.58,34.51,34.59,35.01,34.44,35.01,35.07,34.35,34.46,35.07,35.01,33.43,33.49,33.99,33.55,33.85,34.94,34.52,35.64,35.51,35.56,,36.75,36.64,Female,21-25,Asian,23,34.8,0.78,0,09:33:35,17-04-2003
-0.09,34.77,35.54,34.14,34.74,34.95,34.75,34.95,34.96,35.83,35.83,34.86,35.87,34.6,34.27,35.87,35.84,33.64,33.58,33.16,34.01,33.81,34.18,34.09,36.18,36.01,36.03,,37.2,37.24,Female,21-25,White,23.2,34.8,0.78,1,10:03:57,17-04-2003
-0.19,34.85,35.59,34.53,35.13,34.82,34.82,34.68,34.85,35.57,35.57,35.41,35.59,34.32,35.44,35.59,35.57,33.77,32.35,32.82,33.79,32.8,34.01,34.01,36.41,36.38,36.41,,36.9,36.99,Female,31-40,Multiracial,23.4,35.1,0.78,1,10:35:41,17-04-2003
-0.33,34.98,35.77,34.64,35.09,34.94,34.94,34.79,34.98,35.74,35.74,34.98,35.77,34.65,34.4,35.77,35.74,34.68,34.21,34.11,34.76,34.15,35.05,34.89,36.26,36.24,36.26,,36.7,36.74,Female,26-30,Black or African-American,23.5,34.7,0.78,1,10:58:47,17-04-2003
-0.3,34.98,34.49,33.92,33.67,35.12,35.12,34.78,35.24,34.9,34.9,34.45,34.97,34.46,33.4,35.24,35.12,34.09,34.31,34.27,34.21,34.48,34.98,34.9,36.56,36.52,36.56,,37.05,36.94,Female,21-25,Hispanic/Latino,23.7,35,0.72,0,11:14:46,17-04-2003
,,,,,,,,,,,,,,,,,,,,,,,,,,,,36.75,36.79,Female,18-20,Asian,24,34.3,0.72,1,11:28:09,17-04-2003
,,,,,,,,,,,,,,,,,,,,,,,,,,,,37.05,37.29,Female,21-25,Asian,24,35.6,0.72,0,12:59:43,17-04-2003
-0.35,35.41,35.2,34.46,34.65,35.36,35.36,35.24,35.41,35.24,35.24,35.01,35.31,34.97,34.45,35.42,35.4,34.66,35.11,34.75,34.24,34.75,35.44,35.17,35.46,35.2,35.22,,37.1,37.14,Female,18-20,White,24.3,35.3,0.65,0,13:15:53,17-04-2003
-0.38,35.26,35.29,34.51,34.58,35.25,35.25,35.19,35.26,35.23,35.22,35.14,35.29,35.12,34.93,35.29,35.26,32.96,32.78,33.21,33.16,32.42,34.44,34.27,36.81,36.76,36.81,,37,37.04,Female,18-20,White,24.3,35.5,0.69,1,14:00:21,17-04-2003
-0.56,35.68,35.94,35.39,35.55,35.65,35.65,35.42,35.68,35.92,35.92,35.35,35.94,35.26,35.28,35.94,35.92,34.23,34.63,35.02,34.2,34.47,35.15,35.14,35.94,35.19,35.26,,36.85,36.89,Male,18-20,Black or African-American,24.6,35,0.76,0,14:24:49,17-04-2003
-0.54,35.41,35.61,34.61,35.11,35.4,35.3,35.4,35.44,35.56,35.56,34.79,35.61,35.24,34.87,35.61,35.56,33.58,33.79,33.25,33.44,33.6,34.82,33.8,35.61,35.18,35.19,,37.05,36.89,Female,18-20,Black or African-American,24.6,35,0.76,0,15:12:06,17-04-2003
-0.45,35.26,35.13,34.99,34.86,35.23,35.23,35.13,35.26,35.1,35.1,34.82,35.13,35.06,34.84,35.36,35.33,34.38,34.1,34.04,34.43,34.24,34.98,34.5,35.63,35.58,35.62,,36.7,36.74,Male,18-20,Black or African-American,24.8,34.7,0.74,1,15:42:43,17-04-2003
-0.31,35.34,35.52,35.09,35.18,35.48,35.33,35.48,35.54,35.52,35.52,35.27,35.52,35.05,35.13,35.58,35.55,33.99,34.27,34.01,34.48,34.36,35.39,35.32,36.09,36.05,36.09,,36.9,37.34,Female,21-25,Asian,23.9,56.8,0.69,0,10:34:53,17-04-2004
-0.4,35.41,35.66,34.89,35.32,35.37,35.37,35.06,35.41,35.65,35.65,35.3,35.66,34.56,35.31,35.66,35.65,34.05,34.13,33.86,34.19,34.19,35.06,34.42,35.95,35.87,35.95,,37.05,36.94,Female,18-20,Black or African-American,24.5,54,0.75,1,11:09:20,17-04-2004
,,,,,,,,,,,,,,,,,,,,,,,,,,,,37.35,38.29,Male,18-20,White,25,50.6,0.65,0,12:00:33,17-04-2004
,,,,,,,,,,,,,,,,,,,,,,,,,,,,36.9,36.69,Female,21-25,Asian,25.4,48,0.65,1,12:50:33,17-04-2004
-0.47,35.98,35.93,35.52,35.45,35.96,35.96,35.47,35.98,35.85,35.85,35.68,35.93,35.16,35.32,36,35.98,34.88,34.83,35.06,34.84,35.4,35.85,35.8,36.46,36.42,36.46,,37.2,37.39,Female,21-25,Asian,25.4,48,0.6,0,13:04:36,17-04-2004
-0.42,35.5,35.27,34.55,34.83,35.48,35.48,35.33,35.5,35.21,35.21,35.02,35.27,35.38,34.95,35.5,35.48,34.41,34.31,34.64,34.44,34.58,35.38,34.71,35.68,35.07,35.09,,36.8,36.89,Female,21-25,Black or African-American,24.9,32.1,0.73,1,10:55:07,17-04-2005
-0.01,36.05,36.11,35.71,35.51,36.01,36.01,35.76,36.05,36.07,36.07,35.69,36.11,35.7,35.44,36.11,36.07,35.35,35.44,35.04,35.29,35.29,35.79,35.69,36.37,36.34,36.37,,37.05,37.14,Female,21-25,White,25.2,31.8,0.68,0,11:00:27,17-04-2005
-0.28,35.47,35.27,35.04,35.03,35.47,35.46,35.44,35.5,35.59,35.4,35.59,35.63,35.22,35.13,35.63,35.59,35.12,34.85,34.88,35.03,35.07,35.7,35.26,35.93,35.91,35.93,,36.95,36.99,Female,21-25,Multiracial,25.2,31.8,0.69,1,11:12:22,17-04-2005
-0.44,35.59,35.63,34.97,35.29,35.86,35.43,35.86,35.91,35.6,35.6,35.46,35.63,35.4,35.36,35.91,35.86,34.72,34.58,34.77,34.85,34.85,35.23,35.03,35.91,35.81,35.83,,36.75,36.74,Male,18-20,White,27,31.2,0.7,0,11:32:05,17-04-2005
-0.33,34.77,35.32,33.96,34.53,35.49,35.49,35.38,35.52,35.49,35.48,35.41,35.49,34.42,34.87,35.66,35.6,35.19,34.69,35.31,34.63,35.21,35.91,35.46,36.56,36.54,36.56,,37.2,37.44,Female,18-20,White,25.6,30.2,0.66,0,12:11:54,17-04-2005
-0.17,35.87,35.14,35.22,34.83,35.86,35.86,35.77,35.87,35.2,35.2,35.05,35.23,35.77,34.98,35.87,35.86,34.55,34.42,34.37,34.14,34.68,35.42,34.87,35.87,35.59,35.63,,36.9,36.84,Female,18-20,White,25.7,30.4,0.76,0,12:58:04,17-04-2005
,,,,,,,,,,,,,,,,,,,,,,,,,,,,38.15,38.44,Male,18-20,White,26,30.4,0.76,0,13:51:38,17-04-2005
-0.63,35.97,35.66,35.76,35.4,35.95,35.95,35.92,35.97,35.72,35.64,35.72,35.74,35.89,35.61,35.97,35.95,34.96,34.69,34.78,34.74,34.91,35.14,35.13,36.32,36.3,36.32,,36.95,37.04,Male,18-20,White,26.3,30.7,0.65,0,14:13:43,17-04-2005
-0.48,33.02,33.67,31.6,31.58,34.94,32.8,34.94,34.95,35.31,33.33,35.31,35.35,32.71,33.24,35.35,35.32,31.73,32.39,31.27,30.91,32.16,33.28,32.54,36.26,36.23,36.26,,36.8,36.94,Male,41-50,Asian,26.7,32,0.67,0,14:28:36,17-04-2005
-0.66,35.99,36.48,35.75,36.22,36.21,36.21,35.55,36.26,36.47,36.47,36.16,36.49,35.57,36.02,36.48,36.47,35.82,35.55,36.1,35.7,36.01,36.47,36.27,36.58,36.35,36.38,,37.2,37.49,Female,18-20,Asian,26.5,28.8,0.63,0,15:06:26,17-04-2005
-0.36,35.88,36.02,35.5,35.66,35.95,35.95,35.88,36.01,36.01,36.01,35.92,36.03,35.7,35.7,36.03,36.02,35.21,35.51,35.48,35.26,35.3,36.22,35.81,36.4,36.4,36.4,,37.25,37.24,Female,21-25,White,26.8,28.9,0.63,1,15:26:37,17-04-2005
-0.46,35.79,36.27,35.51,36.09,35.94,35.93,35.87,35.98,36.33,36.26,36.33,36.37,35.63,36.12,36.37,36.32,35.47,35.58,35.53,35.51,35.48,36.35,35.86,36.9,36.85,36.9,,37.3,37.59,Female,26-30,White,26.9,29,0.62,1,15:52:54,17-04-2005
-0.55,35.1,35.01,33.51,33.4,35.18,35.05,35.18,35.19,35.06,35.02,35.06,35.06,34.92,34.75,35.19,35.18,33.87,34.35,34.23,33.88,34.02,35,34.47,35.79,35.74,35.79,,36.7,36.34,Female,18-20,Black or African-American,27.2,29.7,0.62,0,16:07:51,17-04-2005
-0.46,36.41,35.92,36,35.39,36.4,36.4,35.87,36.44,35.98,35.95,35.98,36,35.75,35.58,36.44,36.4,35.1,35.14,35.03,35.09,35.16,35.99,35.4,36.6,36.59,36.6,,37.15,37.34,Female,18-20,Black or African-American,27.2,29.5,0.68,0,16:31:22,17-04-2005
-0.24,35.59,35.28,35.08,35.08,35.74,35.74,34.72,35.76,35.34,35.27,35.34,35.36,34.76,34.77,35.76,35.74,34.47,33.72,33.42,33.89,34.62,35.03,34.75,35.86,35.84,35.86,,37.15,37.04,Female,18-20,Hispanic/Latino,23.4,50.3,0.74,0,10:07:41,17-04-2006
,,,,,,,,,,,,,,,,,,,,,,,,,,,,37.1,37.09,Male,18-20,Black or African-American,23.6,50.8,0.74,0,10:54:18,17-04-2006
-0.65,34.75,34.78,34.46,34.36,34.84,34.84,34.56,34.86,35.03,35.03,34.37,35.06,34.31,34.21,35.06,35.03,34.67,34.17,34.34,34.15,34.54,35.51,35.11,35.66,35.65,35.66,,37,37.04,Female,26-30,Asian,23.5,52.5,0.74,0,12:05:08,17-04-2006
-0.34,35.05,35.07,34.78,34.64,35.04,35.04,34.95,35.05,35.11,35.11,34.46,35.12,34.58,34.26,35.38,35.32,33.85,33.54,33.56,33.91,34.4,35.14,34.46,36.02,35.98,36.02,,37.25,37.19,Female,18-20,Black or African-American,23.6,51.7,0.74,1,12:21:16,17-04-2006
0.12,34.92,34.63,33.84,34.04,35.65,35.48,35.65,35.72,35.38,35.38,34.99,35.43,34.8,34.49,35.73,35.65,33.86,34.05,33.92,33.8,34.13,35.16,34.67,35.93,35.89,35.93,,37.1,36.99,Female,31-40,White,23,44,0.63,1,14:44:42,17-04-2006
-0.36,36.31,36.65,35.88,36.34,36.26,36.26,35.97,36.32,36.63,36.63,36.22,36.65,35.8,36.05,36.65,36.63,34.88,34.85,34.63,34.83,35.16,35.74,35.47,37.56,37.52,37.56,,36.9,37.74,Female,21-25,White,23.1,44,0.62,0,15:10:54,17-04-2006
-0.28,35.12,35.61,33.32,34.49,35.32,35,35.32,35.35,35.53,35.53,35.47,35.61,34.99,35.31,35.61,35.53,34.4,34.57,34.35,33.99,34.88,35.37,35.18,35.61,35.58,35.59,,36.7,36.74,Male,18-20,White,23.9,42.6,0.65,0,16:03:37,17-04-2006
0.03,34.89,34.66,34.43,34.22,34.98,34.98,34.63,35.01,34.8,34.8,34.62,34.81,34.2,34.14,35.23,35.22,34.53,34.72,34.78,34.41,34.49,35.58,35.02,36.4,36.34,36.4,,37.1,37.19,Male,18-20,Asian,22.1,21.5,0.7,0,15:07:23,17-04-2007
-0.13,35.65,35.99,35.31,35.62,35.64,35.64,35.17,35.65,35.93,35.93,35.62,35.99,35.19,35.27,35.99,35.93,34.38,34.42,34.28,34.44,34.38,35.41,34.83,35.99,35.3,35.34,,37,36.84,Female,21-25,White,22.3,21.6,0.63,1,15:30:14,17-04-2007
-0.08,35.98,35.61,35.68,34.44,35.96,35.96,35.45,35.98,35.63,35.61,35.61,35.68,35.51,35.35,35.98,35.96,34.48,34.36,34.63,34.13,34.39,34.96,34.92,35.98,34.85,34.9,,37,36.64,Male,18-20,White,23.5,21.6,0.67,0,15:59:19,17-04-2007
-0.09,34.83,34.69,33.31,32.83,35.29,35.29,35.08,35.35,35.07,35.07,34.44,35.09,34.45,34.41,35.64,35.61,34.26,34.42,34.06,33.78,34.53,35.52,35.06,35.68,34.9,34.95,,36.7,36.84,Female,26-30,Asian,22.4,21.8,0.73,1,16:49:34,17-04-2007
0.31,34.25,34.84,33.96,34.51,34.4,34.25,34.4,34.41,34.79,34.78,34.66,34.84,34.16,34.33,34.89,34.84,33.58,33.95,33.42,33.3,33.45,34.45,34.06,34.89,34.57,34.58,,36.7,35.99,Female,21-25,Asian,22.3,30.6,0.7,0,08:46:41,17-04-2010
-0.25,34.58,35.31,33.97,34.53,35,34.77,35,35.03,35.28,35.28,34.47,35.31,34.47,34.23,35.31,35.3,34.2,34.04,33.69,34.29,34.74,35.16,34.82,35.91,35.9,35.91,,37,37.04,Female,21-25,Asian,22.8,28.9,0.7,0,11:04:21,17-04-2010
-0.21,35.02,35.39,34.57,35.09,34.96,34.94,34.93,35.02,35.37,35.37,35.2,35.39,34.76,34.67,35.39,35.37,33.69,33.73,33.99,33.51,34.29,35.09,34.6,36.01,35.96,36.01,,36.95,36.94,Male,21-25,Black or African-American,24.5,29.8,0.7,0,11:17:52,17-04-2010
-0.22,35.57,36,34.71,35.61,35.51,35.49,35.47,35.57,35.98,35.98,35.31,36,35.32,35.31,36,35.98,34.19,34.4,34.2,34.14,33.94,34.99,34.66,36.25,36.03,36.04,,36.85,36.94,Male,21-25,White,24.7,29.4,0.69,0,11:36:26,17-04-2010
,,,,,,,,,,,,,,,,,,,,,,,,,,,,36.8,37.39,Female,21-25,Asian,25,28.9,0.64,1,11:49:48,17-04-2010
-0.4,35.79,35.85,34.29,35.35,35.79,35.79,35.76,35.79,35.88,35.85,35.87,35.9,35.54,35.72,36.16,36.15,34.23,34.47,32.23,34.49,34.29,35.08,34.98,36.39,36.37,36.39,,37.25,37.59,Male,26-30,White,26.4,27.2,0.78,0,14:38:15,17-04-2010
-0.68,35.48,35.71,35.3,35.47,35.46,35.46,35.35,35.48,35.7,35.7,35.55,35.71,35.28,35.4,35.71,35.7,34.46,34.59,34.21,34.74,34.31,35.64,34.99,35.77,35.53,35.57,,36.7,36.64,Male,26-30,Asian,26.9,23.9,0.78,0,15:56:12,17-04-2010
,,,,,,,,,,,,,,,,,,,,,,,,,,,,36.9,36.74,Male,21-25,White,25.2,36.2,0.69,0,09:41:18,17-04-2011
-0.57,35.2,34.99,34.18,34.56,35.21,35.16,35.2,35.24,35,35,34.72,35.04,34.74,34.65,35.24,35.21,34.33,34.57,34.54,34.08,34.37,34.99,34.76,36.01,35.87,35.94,,36.8,36.69,Female,26-30,Multiracial,26.2,36.1,0.77,1,11:16:32,17-04-2011
,,,,,,,,,,,,,,,,,,,,,,,,,,,,36.3,36.49,Female,21-25,Asian,26.6,36.2,0.72,1,11:28:53,17-04-2011
-0.17,35.16,35.53,34.04,34.53,35.44,35.24,35.44,35.46,35.58,35.48,35.58,35.62,34.87,35.38,35.62,35.57,34.78,34.59,34.72,34.31,34.85,35.83,35.19,36.36,36.34,36.36,,37,37.44,Female,18-20,White,23,47.4,0.67,1,10:39:33,17-04-2012
-0.34,35.69,35.45,34.6,34.85,35.66,35.65,35.59,35.69,35.46,35.46,34.65,35.47,35.49,34.42,35.69,35.66,34.23,34.71,33.92,34.15,34.34,35.04,34.47,36.32,36.29,36.32,,36.9,37.04,Female,18-20,White,23.2,47.3,0.61,1,10:57:24,17-04-2012
-0.46,34.24,35.55,31.85,34.96,35.68,33.62,35.68,35.7,35.5,35.5,34.69,35.55,33.43,34.55,35.86,35.8,34.19,33.98,34.04,34.23,33.83,34.95,34.43,35.86,34.66,34.71,,36.55,36.74,Female,18-20,Hispanic/Latino,23.5,48.2,0.6,1,11:09:03,17-04-2012
-0.43,35.17,35.14,34.5,34.75,35.17,35.12,35.16,35.17,35.13,35.13,34.81,35.14,35.07,34.68,35.17,35.16,34.09,34.06,33.9,34,34.16,35.05,34.45,35.17,35.04,35.07,,36.85,36.59,Female,18-20,Black or African-American,23.1,48.2,0.65,1,11:50:26,17-04-2012
-0.51,34.96,34.82,33.94,34.44,34.87,34.83,34.84,34.96,34.79,34.79,34.41,34.82,34.71,34.52,34.96,34.87,33.19,33.25,33.31,33.33,33.32,34.19,33.91,34.99,34.79,34.9,,36.7,36.74,Female,21-25,White,23.3,46.9,0.76,1,13:31:52,17-04-2012
,,,,,,,,,,,,,,,,,,,,,,,,,,,,37.1,36.89,Male,18-20,Black or African-American,23.3,46.9,0.76,0,13:54:34,17-04-2012
-0.23,35.46,35.27,34.88,34.85,35.58,35.34,35.58,35.63,35.22,35.22,35.03,35.27,35.31,34.43,35.63,35.58,34.07,34.24,34.2,33.94,33.62,34.62,34.49,35.63,35.54,35.57,,36.8,36.39,Male,26-30,Asian,23.7,45.8,0.78,0,14:09:33,17-04-2012
-0.27,35.14,35.23,34.41,34.62,35.45,35.13,35.45,35.46,35.55,35.55,34.56,35.57,34.9,33.76,35.64,35.6,34.43,34.35,34,34.38,34.39,34.9,34.59,35.64,35.41,35.47,,36.9,37.14,Female,21-25,White,23.6,44.9,0.63,0,14:48:28,17-04-2012
,,,,,,,,,,,,,,,,,,,,,,,,,,,,36.85,37.19,Female,21-25,White,23.8,43.8,0.64,1,15:05:35,17-04-2012
-0.38,35.45,35.78,34.92,35.2,35.45,35.45,34.98,35.47,35.8,35.78,35.71,35.83,34.72,35.1,35.83,35.8,34.08,34.52,34.46,34.13,33.95,35.3,34.83,36.07,36.05,36.07,,36.75,36.84,Male,26-30,White,23.3,44.1,0.63,0,15:43:55,17-04-2012
-0.38,36.02,36.03,35.7,35.2,36.13,36.01,36.13,36.15,36.06,36.06,34.89,36.08,35.93,34.81,36.15,36.13,34.33,34.76,34.44,34.68,34.59,35.29,34.97,36.15,35.67,35.68,,36.85,37.34,Female,18-20,Asian,23.7,42.6,0.63,0,16:02:19,17-04-2012
-0.4,36.33,36.25,35.66,35.65,36.55,36.29,36.55,36.56,36.21,36.21,35.21,36.25,36.18,35.01,36.56,36.55,34.9,34.78,34.23,34.89,34.59,35.74,35.15,36.65,36.56,36.65,,37.55,37.94,Male,18-20,White,23.8,42.1,0.67,0,16:18:32,17-04-2012
-0.06,34.06,34.77,33.3,33.76,34.09,34.09,33.69,34.13,34.93,34.91,34.85,34.94,33.5,33.34,34.94,34.93,33.72,32.96,32.68,33.59,33.49,34.76,33.97,34.94,34.46,34.49,,36.6,36.19,Female,21-25,White,21.4,25.4,0.78,0,10:05:36,17-04-2013
,,,,,,,,,,,,,,,,,,,,,,,,,,,,37,37.09,Male,21-25,Black or African-American,21.5,25.6,0.78,0,12:03:04,17-04-2013
-0.34,35.87,35.78,35.4,35.03,35.83,35.83,35.22,35.87,35.79,35.75,35.78,35.81,35.28,35.52,35.87,35.84,34.28,34.05,34.42,34.29,34.59,35.12,34.94,35.87,34.97,34.99,,37.05,37.59,Male,18-20,White,21.8,25.3,0.78,0,12:33:17,17-04-2013
-0.16,34.64,34.82,34.04,34.26,34.62,34.6,34.6,34.64,34.8,34.8,34.33,34.82,34.5,33.95,34.82,34.79,33.11,33.24,33.16,33.24,33.78,35.35,34.1,35.35,34.02,34.05,,37,37.09,Female,21-25,Black or African-American,22,26.2,0.73,0,15:08:33,17-04-2013
-0.4,35.08,35.46,34.74,35.13,35.19,35.19,34.46,35.2,35.43,35.43,35.17,35.46,34.53,35.14,35.46,35.43,33.91,34.14,34.14,33.6,33.57,34.84,34.44,35.85,35.83,35.85,,37.2,37.24,Male,21-25,Black or African-American,22.2,26,0.73,0,15:24:56,17-04-2013
-0.25,35.48,35.15,35.21,34.84,35.47,35.47,35.33,35.48,35.12,35.12,34.46,35.15,35.29,34.65,35.48,35.47,33.87,34.19,33.63,33.85,33.79,34.55,34.29,35.48,35,35.03,,36.65,36.59,Male,18-20,Black or African-American,22.1,26.2,0.64,1,15:38:40,17-04-2013
,,,,,,,,,,,,,,,,,,,,,,,,,,,,37.1,37.09,Female,21-25,Asian,23.2,50,0.78,1,10:15:28,17-04-2017
-0.41,34.4,34.41,34.04,33.53,34.39,34.39,34.11,34.4,34.49,34.49,34.33,34.53,33.59,33.55,34.53,34.49,32.55,31.85,32.72,32.26,32.65,33.85,33,35.37,35.35,35.37,,36.65,36.54,Female,18-20,White,22.4,51,0.64,0,12:06:10,17-04-2017
-0.33,35.35,35.26,33.63,34.59,35.26,35.25,35.19,35.35,35.19,35.19,34.85,35.26,34.75,34.95,35.35,35.27,34.09,33.65,33.49,34.11,34.35,35.01,34.49,35.35,35.23,35.25,,37.2,37.24,Female,18-20,Multiracial,22.6,50.9,0.78,0,16:06:58,17-04-2017
-0.11,35.09,35.07,34.77,34.88,35.24,35.07,35.24,35.29,35.23,35.07,35.23,35.26,34.56,34.84,35.29,35.25,34.64,34.76,34.6,34.47,34.1,35.56,35.06,35.88,35.87,35.88,,36.8,36.94,Male,18-20,Asian,23.7,31.5,0.78,0,10:51:49,17-04-2018
0.08,34.69,34.36,33.72,30.77,34.99,34.99,34.91,35.02,34.96,34.52,34.96,34.98,34.24,33.88,35.04,35.01,34.16,34.18,33.88,34,34.33,34.99,34.51,35.25,35.13,35.15,,36.7,36.94,Female,18-20,White,22.5,33.2,0.75,0,12:04:23,17-04-2018
-0.27,34.69,34.79,33.98,34.24,34.86,34.86,34.25,34.89,34.76,34.76,34.38,34.79,34.23,34.05,34.89,34.86,33.29,33.23,33.37,33.13,33.77,35.15,34.32,35.15,34.86,34.9,,37.05,37.04,Female,21-25,White,22,34.2,0.75,0,12:39:24,17-04-2018
0.07,34.89,35.12,34.24,34.37,34.97,34.94,34.94,34.99,35.08,35.08,34.6,35.12,34.32,34.32,35.12,35.08,33.74,33.87,33.66,33.76,33.46,34.58,34.58,35.12,34.81,34.86,,36.9,36.89,Female,21-25,White,21.2,44,0.64,1,10:10:59,17-04-2019
-0.34,35.21,34.71,34.87,34.38,35.37,35.34,35.37,35.4,35.21,34.9,35.21,35.26,35.07,34.46,35.4,35.37,33.3,33.93,33.67,33.35,33.45,34.68,33.85,35.63,34.22,34.25,,36.85,37.04,Female,26-30,Asian,21.4,42.9,0.6,0,10:51:30,17-04-2019
-0.05,36.03,35.68,34.73,35.07,36.03,36.03,35.92,36.08,35.82,35.82,34.91,35.88,35.37,34.59,36.08,36.03,33.88,33.59,33.5,33.77,34.22,35.15,34.59,36.08,35.11,35.12,,37.1,37.19,Female,18-20,White,22.1,42.1,0.59,1,11:02:56,17-04-2019
-0.11,37,37.28,36.6,36.96,36.95,36.95,36.63,37,37.25,37.25,36.8,37.28,36.7,36.64,37.28,37.25,35,34.74,34.83,34.76,35.03,35.92,35.55,37.28,35.54,35.6,,37.3,38.44,Male,21-25,White,22.1,42.1,0.67,0,11:14:58,17-04-2019
-0.35,33.97,34.15,33.57,33.72,34.12,33.95,34.12,34.16,34.18,34.12,34.18,34.21,33.8,34.01,34.21,34.18,33.27,33.24,33.19,33.27,33.7,34.32,34.1,35.13,35.09,35.13,,36.95,36.74,Female,18-20,Asian,21.6,40.4,0.75,0,13:57:14,17-04-2019
-0.19,35.64,35.29,35.06,34.73,35.63,35.63,35.08,35.64,35.29,35.29,35.03,35.29,34.93,34.72,35.64,35.63,34.13,33.99,33.84,34.07,33.81,34.96,34.69,35.64,35.39,35.39,,37.2,36.99,Female,18-20,White,21.6,41,0.64,1,14:23:34,17-04-2019
-0.14,36.23,36.09,35.43,35.38,36.17,36.17,35.9,36.23,36.16,36.16,35.23,36.19,35.32,35.24,36.23,36.19,33.62,32.88,32.15,33.45,33.81,34.84,34.5,36.67,36.61,36.67,,37.1,37.54,Male,21-25,White,21.6,40.9,0.74,0,14:45:42,17-04-2019
-0.06,35.26,35.27,34.73,35.06,35.25,35.25,35.16,35.26,35.25,35.25,34.98,35.27,35.11,34.98,35.27,35.26,34.5,34.59,34.18,34.14,34.61,35.11,34.93,35.27,35.06,35.12,,36.95,36.74,Male,21-25,Asian,21.5,42.1,0.63,0,15:15:51,17-04-2019
-0.14,34.78,34.2,33.54,31.82,34.85,34.85,34.74,34.87,34.69,34.58,34.69,34.74,34.57,33.32,34.87,34.85,33.85,33.64,33.43,33.74,33.62,34.87,34.13,34.99,34.88,34.94,,36.8,36.49,Male,18-20,Black or African-American,21.7,43.9,0.69,1,15:45:19,17-04-2019
0.19,35.47,35.39,35.09,34.77,35.4,35.39,35.32,35.47,35.33,35.33,34.46,35.39,35.2,33.68,35.47,35.4,34.05,34.54,34.16,33.91,34.44,35.52,34.93,36.08,36.02,36.08,,37.2,37.19,Female,21-25,Asian,20.5,57.6,0.76,0,09:28:59,17-04-2020
0.05,35.16,35.25,34.24,34.81,35.4,35.24,35.4,35.41,35.24,35.24,34.88,35.25,34.71,34.49,35.41,35.4,33.68,34.16,33.77,33.47,33.99,34.97,34.53,35.44,35.05,35.08,,36.7,36.59,Female,18-20,White,22.9,53.2,0.66,1,14:59:07,17-04-2020
-0.02,34.88,35.34,34.39,34.77,34.98,34.98,34.75,35.01,35.3,35.3,35.01,35.34,34.53,34.9,35.34,35.3,34.02,34.4,34.18,34.25,33.4,35.1,34.69,35.86,35.83,35.86,,37.05,37.14,Male,26-30,Black or African-American,22.7,53.4,0.72,0,15:17:16,17-04-2020
,,,,,,,,,,,,,,,,,,,,,,,,,,,,37.2,37.54,Female,18-20,White,21.2,56.1,0.64,0,16:16:38,17-04-2020
-0.21,35.03,35.48,33.71,34.97,35.23,34.94,35.23,35.24,35.47,35.47,35.13,35.48,34.77,34.56,35.48,35.47,33.16,32.78,32.94,33.33,33.56,34.59,33.88,35.61,35.45,35.61,,37.05,37.14,Female,21-25,Black or African-American,21.6,55.5,0.66,1,16:29:43,17-04-2020
,,,,,,,,,,,,,,,,,,,,,,,,,,,,36.75,37.04,Female,18-20,Asian,21.6,55.3,0.66,1,16:44:07,17-04-2020
,,,,,,,,,,,,,,,,,,,,,,,,,,,,37.05,36.89,Female,21-25,White,24.7,60.2,0.6,0,10:18:28,17-04-2021
,,,,,,,,,,,,,,,,,,,,,,,,,,,,37.15,37.44,Female,18-20,White,24.7,61.2,0.67,0,10:38:34,17-04-2021
-0.19,35.59,35.08,34.68,34.44,35.62,35.56,35.6,35.69,35.36,35.06,35.36,35.4,35.28,35.02,35.69,35.62,33.24,33.49,33.55,33.28,29.31,34.41,34.03,35.69,34.61,34.65,,36.9,37.14,Male,18-20,Hispanic/Latino,23.6,60.3,0.67,0,13:16:13,17-04-2021
-0.01,34.82,35.3,34.08,34.47,34.89,34.89,34.54,34.93,35.34,35.34,35.16,35.41,34.39,34.37,35.41,35.34,33.27,33.48,33.52,33.25,33.22,34.24,33.82,35.88,35.82,35.88,,36.75,36.59,Male,21-25,White,21.7,56.3,0.68,0,16:33:51,17-04-2021
-0.08,34.74,34.49,34.42,34.14,34.69,34.69,34.51,34.74,34.6,34.6,33.95,34.61,34.47,33.48,35.07,35.03,32.6,32.87,32.88,32.67,32.4,34.11,33.43,35.1,34.67,34.73,,37.1,36.69,Female,21-25,Asian,21.4,46.6,0.73,0,09:49:03,17-04-2024
,,,,,,,,,,,,,,,,,,,,,,,,,,,,36.95,36.84,Female,21-25,Black or African-American,21.2,46.1,0.63,0,11:48:15,17-04-2024
-0.17,35.6,35.9,35.07,35.47,35.54,35.54,35.08,35.6,35.87,35.87,35.42,35.9,34.62,35.42,35.9,35.87,34.91,34.43,34.38,34.52,34.99,35.18,35.14,35.9,35.61,35.74,,36.8,36.84,Male,18-20,Hispanic/Latino,21.3,43.5,0.76,0,13:28:03,17-04-2024
-0.14,34.73,34.75,33.7,34.41,34.93,34.68,34.93,34.97,34.72,34.72,34.36,34.75,34.62,33.87,34.96,34.93,33.15,33.17,32.27,33.07,34,34.75,34.14,35.15,35.11,35.15,,37.05,36.99,Female,18-20,White,20.8,57,0.6,0,11:30:03,17-04-2025
-0.15,35.45,35.59,35.02,35.02,35.43,35.43,35.25,35.45,35.56,35.56,35.4,35.6,35.16,35.23,35.59,35.56,33.92,34.14,34.13,33.98,34.3,34.84,34.68,36.1,36.03,36.1,,37.05,37.09,Female,21-25,White,20.6,58.8,0.66,0,10:07:17,17-04-2026
-0.19,34.86,35.53,33.55,34.76,35.2,34.81,35.2,35.27,35.5,35.5,35.13,35.53,34.74,35.2,35.53,35.5,33.83,33.86,33.9,33.68,34.03,34.96,34.49,35.53,35.09,35.12,,37.1,36.94,Female,31-40,Hispanic/Latino,21,57.9,0.71,1,10:35:37,17-04-2026
-0.12,35.38,35.77,34.13,34.65,35.78,35.33,35.78,35.8,35.77,35.76,35.75,35.77,35.11,35.61,35.8,35.78,33.91,34.06,34.58,34.14,34.01,35.07,34.8,35.8,35.37,35.45,,36.8,36.99,Male,26-30,White,21.1,57.8,0.69,0,10:58:44,17-04-2026
-0.17,35.66,35.9,35.35,35.55,35.65,35.65,35.15,35.66,35.91,35.91,35.62,35.92,35.01,35.71,35.92,35.91,33.72,34.15,34.52,33.92,34.14,35.78,35.16,36.82,36.78,36.82,,37.45,37.49,Female,18-20,Black or African-American,20.8,58.7,0.7,1,11:36:21,17-04-2026
-0.38,35.5,35.72,35.02,35.25,35.48,35.48,35.13,35.5,35.68,35.68,34.91,35.72,34.65,34.88,35.72,35.68,34.41,34.07,32.88,33.69,34.39,34.78,34.61,35.72,34.93,34.94,,36.95,36.94,Male,21-25,White,20.8,59.7,0.7,0,14:30:44,17-04-2026
,,,,,,,,,,,,,,,,,,,,,,,,,,,,37.15,36.99,Female,21-25,Asian,20.7,59,0.68,1,15:51:06,17-04-2026
0.07,36.54,37.16,36.17,36.57,36.5,36.5,36.03,36.54,37.05,37.05,36.54,37.16,35.96,36.59,37.16,37.05,33.43,33.93,33.93,33.75,34.33,36.09,35.18,37.16,36.97,37.03,,38.15,38.29,Female,21-25,Black or African-American,21,57.9,0.68,0,16:18:49,17-04-2026
-0.15,34.54,34.81,34.25,34.36,34.96,34.73,34.96,35.02,35.22,34.71,35.22,35.25,34.19,34.63,35.25,35.23,33.95,33.84,34.06,33.75,34.46,35.15,34.63,35.47,35.4,35.47,,36.9,36.79,Female,21-25,Asian,21.1,56.9,0.75,0,16:47:03,17-04-2026
0.04,35.67,35.79,35.31,35.25,35.61,35.61,35.41,35.67,36.08,36.08,35.94,36.1,35.06,35.03,36.1,36.08,34.29,34.39,34.23,34.27,34.48,34.99,34.8,36.1,35.35,35.4,,37.05,37.14,Female,21-25,Black or African-American,20.6,57.8,0.74,0,11:41:27,17-04-2027
-0.16,34.98,35.07,34.39,34.61,35.45,34.95,35.45,35.48,35.38,34.98,35.38,35.4,34.89,34.8,35.48,35.45,33.06,33.13,32.61,33.15,33.38,34.78,33.71,36.05,36.03,36.05,,37.05,37.24,Male,21-25,Asian,21.5,56.8,0.68,0,14:20:24,17-04-2027
0.35,34.94,34.99,33.96,34.23,34.93,34.93,34.69,34.94,34.95,34.95,34.48,34.99,34.81,34.46,34.99,34.95,33.22,32.75,33.07,32.89,33.59,34.08,34.01,34.99,34.19,34.2,,37.1,36.89,Female,21-25,White,20.2,57.6,0.69,0,09:04:36,17-04-2028
-0.28,33.88,34.65,32.5,33.51,34.24,33.65,34.24,34.3,34.63,34.61,34.57,34.65,33.64,34.49,34.65,34.63,32.61,32.43,32.43,32.69,33.2,34.28,33.62,35.01,34.97,35.01,,36.7,36.44,Female,51-60,Multiracial,20.3,57.6,0.8,1,11:43:24,17-04-2028
-0.14,36.15,35.82,35.74,35.47,36.1,36.1,35.96,36.15,35.81,35.81,35.76,35.82,36.02,35.57,36.15,36.1,34.4,34.41,34.74,34.33,34.44,35.3,35.11,36.15,35.85,35.88,,37.2,37.39,Female,21-25,White,20.6,57.2,0.66,0,14:29:58,17-04-2028
-0.24,35.28,35.18,34.88,34.71,35.27,35.27,35.1,35.28,35.2,35.16,35.19,35.25,35.05,34.92,35.28,35.27,33.95,34.3,33.92,33.98,34.25,34.66,34.58,35.47,35.42,35.47,,37.05,36.99,Female,21-25,White,21,55.9,0.64,0,14:51:32,17-04-2028
0.06,34.94,35.18,33.37,34.33,35.21,34.78,35.21,35.21,35.22,35.21,35.19,35.23,34.61,34.78,35.5,35.49,33.91,33.88,33.47,33.51,33.97,35.47,34.19,35.5,35.32,35.33,,36.9,37.09,Female,21-30,Black or African-American,21,55.4,0.65,0,15:20:23,17-04-2028
-0.21,34.98,35.61,33.55,34.22,35.05,34.88,35.05,35.08,35.56,35.55,35.41,35.61,34.88,35.21,35.61,35.56,34.14,34.15,34.57,33.6,34.43,35.13,35.13,36.08,36.06,36.08,,37.1,37.19,Female,18-20,White,21,55.5,0.72,1,16:05:53,17-04-2028
-0.24,34.8,34.86,34.33,34.51,34.76,34.76,34.67,34.8,34.91,34.91,34.85,34.95,34.64,34.49,34.95,34.91,33.22,33.12,33.6,33.48,33.38,34.94,34.15,35.54,35.53,35.54,,36.85,36.79,Male,21-25,Asian,21.3,55.5,0.76,0,16:26:10,17-04-2028
-0.39,35.93,35.61,35.07,34.96,36.01,35.89,36.01,36.04,35.81,35.72,35.81,35.81,35.86,35.24,36.04,36.01,34.46,35.01,34.78,34.8,34.32,35.54,34.94,36.04,35.46,35.48,,36.75,36.69,Male,21-25,White,25.7,59.3,0.65,0,11:22:55,17-10-2010
,,,,,,,,,,,,,,,,,,,,,,,,,,,,36.75,36.89,Male,31-40,White,25.7,60.1,0.75,0,11:49:16,17-10-2010
-0.43,35.62,35.76,35.14,35.57,35.79,35.7,35.79,35.82,35.95,35.91,35.94,35.97,35.45,35.47,35.97,35.95,35.33,35.26,35.24,35.32,35.38,36.01,35.53,36.3,36.23,36.3,,37.05,37.09,Female,18-20,Asian,25.7,60.5,0.75,0,12:50:05,17-10-2010
-0.15,35.96,36.04,35.62,35.6,35.95,35.95,35.53,35.96,36.12,36.12,35.65,36.15,35.44,35.22,36.16,36.14,35.49,35.46,35.37,35.23,35.57,36.09,35.9,36.16,35.8,35.83,,37.15,37.39,Male,21-25,Asian,24.7,59.1,0.6,0,13:48:18,17-10-2011
-1.81,37.01,36.65,36.76,36.09,36.96,36.96,36.71,37.01,36.63,36.63,36.42,36.65,36.6,36.3,37.01,36.96,35.39,35.81,35.5,35.43,35.6,36.16,36,37.01,36.32,36.37,,36.8,37.29,Male,18-20,White,24.8,59.3,0.6,0,15:14:17,17-10-2011
,,,,,,,,,,,,,,,,,,,,,,,,,,,,37.15,37.19,Female,18-20,White,24.7,59.4,0.7,1,15:40:44,17-10-2011
,,,,,,,,,,,,,,,,,,,,,,,,,,,,36.6,36.44,Male,18-20,Black or African-American,24.6,59.1,0.7,0,16:04:20,17-10-2011
-0.16,35.84,36.27,35.11,35.73,35.93,35.72,35.93,35.95,36.4,36.4,35.25,36.42,35.6,34.82,36.42,36.4,34.62,34.15,34.03,34.37,34.79,35.22,35.17,36.42,35.62,35.68,,37.05,37.24,Female,18-20,White,24.4,58.8,0.7,1,16:32:59,17-10-2011
0,34.93,34.53,34.38,33.69,34.91,34.91,34.34,34.93,34.8,34.8,34.6,34.83,34.24,34.22,34.93,34.92,33.96,34.27,34.24,33.91,34.58,35.08,34.91,35.2,35.14,35.2,,36.85,36.79,Female,18-20,Asian,24.6,48.3,0.6,0,13:47:29,17-10-2012
-0.26,35.41,35.56,34.7,34.86,35.4,35.34,35.4,35.41,35.56,35.54,35.55,35.57,35.31,35.42,35.57,35.56,34.17,34.28,33.97,34.35,34.63,35.39,35.01,35.57,35.39,35.44,,36.8,37.09,Female,18-20,Asian,24,48,0.6,0,11:15:06,17-10-2013
-0.15,35.59,35.55,34.75,35.28,35.56,35.54,35.52,35.59,35.51,35.51,35.37,35.55,35.49,35.23,35.77,35.72,34.75,34.47,34.67,34.6,34.62,35.49,34.92,36.38,36.34,36.38,,37.05,37.09,Female,21-25,White,24.2,48.3,0.6,0,11:30:20,17-10-2013
-0.27,35.78,35.43,35.39,35,35.9,35.74,35.9,35.92,35.55,35.41,35.55,35.57,35.57,35.36,35.92,35.9,34.69,34.88,34.71,34.69,34.14,35.21,35.2,36.46,36.42,36.46,,37.05,36.84,Male,18-20,White,24.1,47.8,0.58,0,13:14:27,17-10-2013
-0.41,35.44,35.9,34.02,35.47,35.74,35.37,35.74,35.79,35.89,35.89,35.55,35.9,35.26,35.64,35.9,35.89,34.34,34.19,34.15,34.27,34.99,35.57,35.27,35.9,35.47,35.51,,36.8,36.89,Female,18-20,White,24.1,49.3,0.58,0,13:40:29,17-10-2013
-0.34,35.73,35.36,34.78,34.56,35.72,35.72,35.43,35.73,35.4,35.35,35.4,35.45,35.06,35.15,35.73,35.72,34.51,34.5,34.47,34.38,35.1,35.93,35.26,36.38,36.36,36.38,,36.95,37.19,Female,31-40,Asian,24.2,48.8,0.7,0,13:56:56,17-10-2013
-0.08,34.69,35,34.4,34.69,34.99,34.78,34.99,35,35,34.96,34.99,35.01,34.37,34.74,35.09,35.03,34.3,34.12,34.21,34.37,34.25,35.18,34.94,35.26,34.99,35.02,,36.85,36.74,Female,18-20,Asian,24,48,0.7,0,14:23:42,17-10-2013
-0.23,34.79,34.73,34.15,34.54,34.85,34.83,34.84,34.88,34.72,34.72,34.44,34.73,34.62,34.33,35.05,35.02,34.23,34.66,34.19,34.19,34.92,35.15,35.11,35.15,34.43,34.54,,36.55,36.59,Female,18-20,Asian,24,48.4,0.7,1,15:06:05,17-10-2013
,,,,,,,,,,,,,,,,,,,,,,,,,,,,37.2,37.34,Female,18-20,White,24.1,48.8,0.7,0,15:22:12,17-10-2013
,,,,,,,,,,,,,,,,,,,,,,,,,,,,36.85,36.74,Male,18-20,White,24.1,48.2,0.7,0,16:04:52,17-10-2013
,,,,,,,,,,,,,,,,,,,,,,,,,,,,36.7,36.64,Female,21-25,Asian,24.1,48.6,0.7,1,16:20:40,17-10-2013
-0.14,35.15,35.66,34.46,35.29,35.46,35.31,35.46,35.48,35.63,35.63,35.55,35.66,35.1,35.25,35.66,35.63,34.69,34.91,34.78,34.58,34.85,35.57,35.41,35.66,35.04,35.07,,36.7,36.59,Male,21-25,Asian,24.3,35.6,0.75,0,12:30:50,17-10-2016
-0.01,34.76,34.96,33.78,34.65,34.98,34.7,34.98,34.99,34.95,34.95,34.79,34.96,34.65,34.84,34.99,34.98,34.19,34.02,34.12,34.01,33.81,34.68,34.38,34.99,34.64,34.67,,36.65,36.34,Female,21-25,Asian,25,35.1,0.75,0,14:06:42,17-10-2016
0.05,34.64,34.4,33.77,33.59,34.74,34.69,34.74,34.76,34.82,34.41,34.82,34.86,34.39,34.31,34.86,34.82,34.4,34.07,34.2,34.25,34.28,35.01,34.47,35.5,35.47,35.5,,36.9,36.64,Female,18-20,Black or African-American,25.1,33.5,0.65,0,14:33:54,17-10-2016
-0.27,35.86,35.91,35.15,35.45,35.84,35.84,35.65,35.86,35.9,35.9,35.7,35.91,35.62,35.5,35.91,35.9,34.57,34.54,34.85,34.58,34.89,35.29,35.29,35.91,35.91,35.91,,37.05,37.04,Male,21-25,White,25.2,31.2,0.65,0,15:07:40,17-10-2016
-0.3,34.75,35.06,33.67,34.6,34.9,34.8,34.9,34.93,35.11,35.05,35.11,35.13,34.59,35.01,35.13,35.11,35.01,34.73,34.69,34.79,34.87,35.54,35.13,35.84,35.81,35.84,,36.9,36.84,Female,21-25,White,25.3,30.5,0.65,0,15:36:47,17-10-2016
-0.19,35.99,35.74,35.09,35.34,36.09,35.96,36.09,36.15,35.74,35.72,35.72,35.76,35.87,35.61,36.15,36.09,34.96,34.81,35.19,34.97,35.06,36.05,35.32,36.15,35.95,35.96,,37.05,37.04,Female,21-25,White,25.6,28.7,0.65,0,16:13:29,17-10-2016
-0.09,35.63,35.92,35.35,35.59,35.57,35.57,35.38,35.63,35.89,35.89,35.31,35.92,35.3,35.29,35.92,35.89,34.28,34.55,34.58,34.36,33.93,35.23,34.9,35.92,35.29,35.31,,36.7,36.89,Female,18-20,White,25.7,27.8,0.6,1,16:32:58,17-10-2016
0.01,35.51,35.67,34.3,35.2,35.51,35.45,35.5,35.54,35.65,35.65,35.38,35.67,35.29,35.09,35.67,35.65,34.34,34.4,34.55,34.51,33.88,35.02,35.02,36.07,36.04,36.07,,36.75,36.99,Male,26-30,White,24.1,24.5,0.7,0,11:45:57,17-10-2017
-0.35,35.82,35.33,35.49,35.12,35.75,35.75,35.54,35.83,35.31,35.31,35.15,35.33,35.54,35.11,35.82,35.75,34.1,34.57,34.45,34.27,34.48,35.26,34.79,35.83,35.32,35.36,,37.45,37.09,Male,18-20,American Indian or Alaskan Native,24.4,23.8,0.6,0,13:03:41,17-10-2017
-0.2,35.5,35.52,34.8,35.15,35.46,35.46,35.21,35.5,35.52,35.52,34.88,35.53,34.77,34.8,35.53,35.52,34.76,34.94,34.77,34.6,34.61,35.22,35.13,35.86,35.79,35.8,,36.95,36.94,Male,21-25,American Indian or Alaskan Native,24.8,24,0.6,1,13:36:30,17-10-2017
-0.35,35.94,35.85,35.68,35.57,35.9,35.9,35.49,35.94,35.81,35.81,35.77,35.85,35.33,35.78,35.94,35.9,34.75,34.67,35.04,34.63,35.04,35.41,35.35,35.94,35.49,35.51,,36.95,36.89,Male,18-20,Asian,25.5,22.9,0.6,0,14:55:16,17-10-2017
0.16,35.29,35.42,34.98,34.99,35.29,35.29,35.11,35.3,35.4,35.4,35.26,35.42,34.94,35.29,35.42,35.4,34.19,34.34,34.09,34.51,34.25,34.78,34.78,35.6,35.52,35.6,,37.1,36.94,Male,21-25,White,24.1,31.3,0.6,0,09:34:28,17-10-2018
-0.24,35.16,35.31,33.11,33.92,35.2,35.13,35.2,35.22,35.29,35.29,35.02,35.31,34.96,34.7,35.31,35.29,34.41,34.2,34,34.33,34.37,34.86,34.71,35.82,35.81,35.82,,36.85,36.84,Female,18-20,White,24.1,31.3,0.6,0,11:19:02,17-10-2018
-0.27,35.47,35.55,34.81,35.12,35.59,35.46,35.59,35.62,35.54,35.54,35.45,35.55,35.21,35.21,35.62,35.59,35.09,34.88,34.84,34.93,35.19,35.65,35.49,35.76,35.73,35.76,,36.8,36.89,Female,26-30,Asian,24.1,31.3,0.6,0,11:43:39,17-10-2018
-0.25,35.63,35.4,35.09,34.96,35.79,35.61,35.79,35.81,35.39,35.38,35.38,35.4,35.58,35.31,35.81,35.79,34.92,35.12,34.99,34.87,35,35.55,35.49,36.07,36,36.07,,36.85,36.69,Female,18-20,Black or African-American,26.5,28.3,0.6,0,13:46:39,17-10-2018
-0.23,35.57,35.63,34.59,34.54,35.59,35.54,35.57,35.64,35.72,35.61,35.72,35.75,35.25,35.56,35.75,35.72,32.94,32.96,32.5,33.04,33.18,33.94,33.78,36.01,35.99,36.01,,37.05,36.94,Female,21-25,White,26.8,29,0.6,0,14:03:05,17-10-2018
-0.36,35.48,35.57,34.39,35.3,35.62,35.61,35.62,35.63,35.6,35.6,35.48,35.62,35.29,35.37,35.63,35.62,35.19,35.36,35.32,35.1,35.2,35.53,35.53,36.11,36.1,36.11,,36.9,37.04,Female,21-25,White,26.8,29,0.6,1,14:21:08,17-10-2018
-0.35,35.52,35.42,34.96,34.78,35.49,35.49,35.21,35.52,35.53,35.53,35.43,35.54,34.87,35.11,35.56,35.54,35.07,34.5,35.06,34.86,35.28,35.71,35.53,35.71,35.58,35.59,,36.85,36.69,Male,18-20,White,27,29.1,0.6,0,15:03:18,17-10-2018
-0.5,35.22,35.27,34.87,34.96,35.27,35.27,35.22,35.28,35.25,35.25,35.19,35.27,34.99,35.17,35.28,35.27,34.83,34.61,34.67,34.81,34.79,35.24,35.13,35.59,35.57,35.59,,37,36.94,Female,18-20,White,27,28.2,0.6,0,15:16:41,17-10-2018
-0.34,35.27,36.17,34.82,35.99,35.63,35.4,35.63,35.65,36.15,36.15,35.91,36.18,35.13,35.98,36.17,36.15,35.23,35.25,35.23,34.67,35.37,35.75,35.54,36.18,35.99,36.01,,37.05,36.89,Female,18-20,White,25.1,38.3,0.6,0,14:29:46,17-10-2019
-0.08,35.74,36.03,34.78,35.65,35.99,35.69,35.99,36.04,35.99,35.99,35.89,36.03,35.61,35.79,36.04,36.01,34.75,34.78,34.7,34.68,34.69,35.32,35.06,36.04,36.01,36.03,,36.6,36.59,Female,18-20,White,25.1,38.3,0.6,1,15:34:48,17-10-2019
-0.18,35.73,35.84,35.49,35.6,35.76,35.76,35.55,35.8,35.85,35.85,35.57,35.88,35.54,35.23,35.88,35.87,35.08,35.27,35.23,34.96,35.3,35.85,35.48,36.2,35.69,35.75,,36.9,37.04,Female,21-25,Asian,27.8,36.5,0.65,0,11:25:23,17-10-2020
-0.72,35.71,35.86,35.51,35.63,35.69,35.69,35.49,35.71,35.84,35.84,35.7,35.86,35.53,35.72,35.86,35.84,35.31,35.52,35.4,35.42,35.53,36.24,35.77,36.24,36.03,36.05,,36.85,37.04,Female,21-25,Asian,27.4,36.2,0.65,0,12:12:29,17-10-2020
-0.43,35.8,35.98,34.71,35.11,36.07,35.64,36.07,36.09,36.09,35.93,36.09,36.12,35.63,35.71,36.12,36.09,34.13,34.47,34.23,34.71,33.56,35.14,35.14,36.41,36.39,36.41,,37.15,37.19,Female,18-20,White,27.8,32.6,0.6,1,13:42:02,17-10-2020
-0.51,35.49,35.79,35.17,35.31,35.49,35.49,35.37,35.49,35.74,35.74,35.26,35.79,35.03,35.4,35.97,35.94,31.96,32.6,32.1,33.73,32.04,34.93,34.81,36.5,36.48,36.5,,37.45,37.39,Male,21-25,White,27.8,32.6,0.6,0,13:55:38,17-10-2020
-0.3,35.36,35.38,33.76,34.97,35.43,35.36,35.43,35.45,35.43,35.43,35.15,35.46,34.87,34.82,35.46,35.45,35.04,35.03,35.06,34.86,35,35.69,35.45,35.75,35.7,35.75,,37,36.94,Female,18-20,White,27.3,34.1,0.6,1,14:23:04,17-10-2020
-0.19,35.76,35.6,35,35.08,35.75,35.75,35.68,35.76,35.65,35.65,34.81,35.67,35.59,34.74,35.76,35.75,35.08,34.66,34.2,34.94,35.05,35.28,35.19,35.76,35.66,35.67,,37.15,37.24,Male,18-20,Hispanic/Latino,22,34.4,0.6,0,15:05:43,17-10-2020
0.01,35.62,35.7,35.1,35.45,35.68,35.61,35.68,35.71,35.65,35.65,35.55,35.7,35.56,35.53,35.71,35.69,34.97,34.91,34.91,34.53,34.85,35.22,35.22,35.71,35.6,35.63,,37,36.99,Female,18-20,Asian,26.3,34.6,0.6,0,15:14:49,17-10-2020
-0.17,36.08,35.77,35.68,35.39,36.05,36.05,35.55,36.08,35.74,35.74,35.14,35.77,35.52,35.11,36.08,36.05,33.89,33.89,33.9,34.25,33.35,34.72,34.49,36.08,35.22,35.23,,37,36.99,Female,18-20,White,25.6,35.1,0.6,1,15:42:25,17-10-2020
,,,,,,,,,,,,,,,,,,,,,,,,,,,,37.15,37.14,Female,18-20,Asian,25.6,35.1,0.6,0,15:57:34,17-10-2020
-0.18,36.1,36.47,34.93,36.03,36.08,36.06,36.04,36.1,36.45,36.45,36.05,36.47,35.97,35.85,36.47,36.44,33.56,34.12,34.16,33.64,31.74,35.22,34.71,36.61,36.59,36.61,,36.9,37.09,Male,21-25,Asian,24.9,35.6,0.6,0,16:34:00,17-10-2020
0.01,36.7,36.96,35.9,36.4,36.72,36.67,36.72,36.74,37.01,36.93,37.01,37.06,36.56,36.85,37.05,37.01,33.35,34.46,34.82,35.07,31.36,35.68,35.5,37.06,36.38,36.41,,37.5,37.74,Male,18-20,White,24.1,49.5,0.6,0,11:36:16,17-10-2023
0.32,35.46,35.62,34.44,35.32,35.58,35.41,35.58,35.61,35.61,35.61,35.46,35.62,35.39,35.29,35.62,35.61,34.26,33.95,33.85,34.2,34.03,34.72,34.46,35.62,35.47,35.49,,36.55,36.59,Male,18-20,White,23.9,48.4,0.6,1,10:23:17,17-10-2023
0.06,34.6,34.73,34.03,34.48,34.87,34.57,34.87,34.88,34.79,34.7,34.79,34.81,34.53,34.61,34.88,34.87,34.34,34.14,33.74,34,34.1,34.57,34.51,34.88,34.73,34.75,,36.85,36.49,Male,21-25,Asian,23.9,49.2,0.7,0,10:49:46,17-10-2023
-0.24,35.76,35.86,35.51,35.67,35.91,35.81,35.91,35.94,35.85,35.85,35.64,35.87,35.72,35.4,35.94,35.91,34.87,35.02,35.1,34.88,34.88,35.54,35.35,35.99,35.98,35.99,,37.2,37.54,Female,18-20,Hispanic/Latino,24.3,49.1,0.6,1,11:07:32,17-10-2023
-0.17,35.3,35.53,35.08,35.33,35.27,35.27,34.85,35.3,35.52,35.52,35.14,35.53,34.61,35.14,35.53,35.52,34.26,34.36,33.98,34.29,34.5,35.08,34.82,35.69,35.67,35.69,,36.9,36.59,Female,18-20,White,24,50.4,0.6,1,12:15:04,17-10-2023
-0.28,34.89,35.29,34.27,34.71,35.47,34.89,35.47,35.48,35.37,35.29,35.37,35.4,34.81,35.19,35.67,35.65,34.12,34.32,34.55,33.84,34.24,35.22,34.66,35.67,35.36,35.38,,36.8,36.84,Male,26-30,Asian,24,50.8,0.6,0,12:33:24,17-10-2023
-0.18,35.12,35.19,34.59,34.88,35.19,35.08,35.19,35.22,35.21,35.17,35.2,35.25,35,35.03,35.25,35.22,34.63,33.83,34.38,34.48,34.56,34.96,34.81,35.39,35.03,35.06,,36.85,36.44,Male,21-25,Hispanic/Latino,24.2,51.4,0.6,0,12:53:25,17-10-2023
,,,,,,,,,,,,,,,,,,,,,,,,,,,,37.4,37.44,Female,18-20,White,24.3,50.4,0.6,0,13:45:19,17-10-2023
,,,,,,,,,,,,,,,,,,,,,,,,,,,,36.85,36.94,Male,18-20,Hispanic/Latino,24.3,50.4,0.6,0,14:35:49,17-10-2023
,,,,,,,,,,,,,,,,,,,,,,,,,,,,36.85,36.94,Male,18-20,White,24.3,50.4,0.6,0,16:08:54,17-10-2023
,,,,,,,,,,,,,,,,,,,,,,,,,,,,36.8,36.89,Female,18-20,White,23.9,49,0.6,0,11:52:39,17-10-2024
0.24,35.13,35.51,34.22,34.95,35.33,35.3,35.33,35.35,35.49,35.49,35.21,35.51,34.64,35.19,35.51,35.49,34.43,34.72,34.27,34.52,34.52,35.44,35.44,35.51,35.44,35.48,,37,36.94,Female,18-20,Black or African-American,23.9,49,0.6,0,12:06:14,17-10-2024
-0.22,35.41,35.63,34.93,35.32,35.4,35.4,35.06,35.41,35.61,35.61,35.36,35.63,34.92,35.14,35.64,35.62,34.44,34.18,34.64,34.33,34.63,35.47,35.06,36.03,35.5,35.51,,36.9,36.89,Female,21-25,Asian,23.7,46.9,0.6,0,14:42:52,17-10-2024
0.16,35.78,35.87,35.13,35.52,35.84,35.81,35.83,35.86,35.85,35.85,35.52,35.87,35.52,35.42,35.87,35.86,34.87,34.89,34.92,34.89,34.84,35.55,35.35,35.88,35.84,35.88,,37,36.89,Male,21-25,Asian,23.8,31.7,0.6,0,12:42:40,17-10-2025
-0.33,35,34.99,33.39,33.97,35.01,35.01,34.98,35.02,35.02,35.02,34.79,35.04,34.25,34.54,35.04,35.03,33.71,33.93,33.15,33.02,34.4,34.74,34.61,35.04,34.42,34.44,,36.85,36.84,Female,18-20,Black or African-American,24.4,28.1,0.6,0,13:46:38,17-10-2025
-0.21,35.28,35.1,34.72,34.62,35.39,35.36,35.31,35.43,35.08,35.08,34.96,35.11,35.03,34.85,35.43,35.38,34.15,34.69,33.97,33.93,34.01,34.91,34.45,35.43,34.83,34.85,,36.8,36.89,Male,18-20,Asian,24,28.7,0.6,0,16:16:48,17-10-2025
-0.11,34.83,34.6,34.14,32.8,34.82,34.82,34.63,34.83,34.6,34.58,34.59,34.6,34.57,34.46,34.83,34.82,33.34,33.3,33.71,33.14,33.53,34.71,34.07,35.42,35.33,35.42,,36.9,37.09,Female,18-20,Hispanic/Latino,24,28.7,0.6,1,16:36:08,17-10-2025
-0.06,35.03,35.05,33.84,34.37,35.13,35.13,35.05,35.17,35.41,35.41,34.93,35.46,34.67,34.49,35.5,35.48,34.74,34.9,34.6,34.34,34.38,35.01,34.99,35.67,35.66,35.67,,36.75,36.64,Female,18-20,White,24.1,29.8,0.6,1,11:55:20,17-10-2027
-0.08,35.72,35.99,35.02,35.82,35.88,35.53,35.88,35.89,36,36,35.76,36.02,35.54,35.7,36.31,36.29,33.9,33.88,34.14,34.71,33.87,35.31,35.31,36.44,36.39,36.44,,37.4,37.94,Male,18-20,Asian,24.7,29.8,0.6,0,12:25:46,17-10-2027
-0.33,35.95,35.74,35.38,35.25,36.07,36.07,35.62,36.1,35.76,35.76,35.52,35.79,35.25,35.23,36.1,36.07,35.28,35.09,35.06,35.19,35.21,35.54,35.42,36.17,36.11,36.17,,36.75,36.79,Male,18-20,White,25.1,29.6,0.6,0,12:44:41,17-10-2027
-0.18,36.3,36.08,35.22,35.69,36.33,36.26,36.33,36.35,36.04,36.04,35.66,36.08,36.13,35.59,36.36,36.33,35.33,35.33,34.97,35.09,35.45,35.91,35.66,36.35,35.54,35.62,,37,36.99,Male,21-25,White,25.2,29.2,0.6,0,13:01:58,17-10-2027
-0.17,35.39,35.44,34.74,35,35.53,35.46,35.53,35.59,35.6,35.6,35.52,35.61,35.11,35.24,35.6,35.6,34.69,34.8,34.42,34.58,34.39,35.39,35.03,36.17,36.02,36.17,,37,37.04,Male,18-20,Asian,25.2,29.2,0.6,1,13:36:07,17-10-2027
-0.47,35.6,35.46,34.92,35.21,35.61,35.56,35.6,35.62,35.65,35.65,35.34,35.68,35.37,35.37,35.81,35.81,35.48,35.22,35.5,35.46,35.74,36.04,35.92,36.04,35.57,35.58,,36.8,36.84,Female,21-25,Asian,25.7,30,0.6,1,13:55:00,17-10-2027
-0.27,35.43,35.73,34.93,35.55,35.42,35.38,35.39,35.47,35.72,35.72,35.49,35.73,35.31,35.5,35.73,35.71,34.95,35.17,34.99,34.94,34.89,35.37,35.37,35.93,35.89,35.93,,36.85,36.84,Male,18-20,White,25.6,30.2,0.6,0,14:22:56,17-10-2027
-0.33,36.03,35.41,35.78,35.14,36.02,36.02,35.98,36.03,35.47,35.46,35.45,35.49,35.91,35.15,36.03,36.02,35.1,35.26,34.03,34.67,32.06,35.51,35.51,36.03,35.95,35.98,,36.75,36.84,Male,18-20,Multiracial,25.7,30.2,0.6,0,14:35:18,17-10-2027
-0.49,35.52,35.58,35.3,35.27,35.51,35.51,35.46,35.52,35.61,35.61,35.49,35.65,35.22,35.08,35.65,35.61,34.89,34.94,34.82,34.73,35.06,35.49,35.44,35.65,35.53,35.6,,36.85,36.79,Male,18-20,Asian,25.7,30.2,0.6,1,15:16:54,17-10-2027
-0.44,36.83,35.96,36.38,35.36,36.74,36.74,36.24,36.83,35.94,35.94,35.71,35.96,36.1,35.26,36.83,36.74,35.43,35.31,35.16,35.4,35.46,35.85,35.68,36.83,36.29,36.39,,37.45,37.49,Male,18-20,Asian,25.7,30.2,0.6,0,15:29:03,17-10-2027
-0.43,36.07,36.07,35.51,35.55,36.03,36.03,35.75,36.07,36.18,36.18,35.76,36.2,35.55,35.62,36.37,36.3,35.38,35.36,35.26,35.27,35.91,36.16,35.94,36.37,35.84,35.9,,37.55,37.74,Male,21-25,Asian,25.7,30.2,0.6,0,16:02:42,17-10-2027
0.16,35.91,35.41,35.52,34.92,35.9,35.9,35.47,35.91,35.39,35.39,35.27,35.41,35.45,35.23,35.91,35.9,34.24,33.85,34.09,34.63,32.83,35.39,34.81,36.13,36.11,36.13,,37.15,37.14,Male,18-20,White,23,29.5,0.6,0,10:26:17,17-10-2030
-0.05,34.83,34.83,34.36,34.49,34.81,34.81,34.52,34.83,34.81,34.81,34.63,34.83,34.25,34.57,34.83,34.83,33.54,33.56,33.81,33.53,33.29,34.54,34.2,34.95,34.91,34.95,,36,35.84,Male,18-20,White,23.4,27.8,0.6,0,10:43:09,17-10-2030
-0.08,34.92,35.45,33.83,35.03,34.9,34.89,34.86,34.92,35.43,35.43,34.98,35.45,34.82,35.09,35.45,35.43,34.16,33.77,34.38,34.02,33.78,34.68,34.68,35.45,35.18,35.19,,36.8,36.89,Male,18-20,White,23.6,27.5,0.6,0,11:13:45,17-10-2030
,,,,,,,,,,,,,,,,,,,,,,,,,,,,36.6,36.54,Female,18-20,Asian,23.9,26.8,0.6,1,11:32:19,17-10-2030
-0.23,35.21,35.29,34.64,34.84,35.19,35.19,34.92,35.21,35.29,35.29,34.86,35.32,34.16,34.78,35.32,35.29,34,33.82,33.78,33.71,33.99,34.62,34.62,35.34,35.32,35.34,,36.65,36.04,Female,18-20,White,24,24,0.6,1,12:43:59,17-10-2030
-0.52,35.48,35.71,34.91,35.33,35.59,35.46,35.59,35.61,35.68,35.68,35.37,35.71,35.42,35.26,35.71,35.68,34.49,33.97,33.93,34.17,34.63,35.02,34.67,36.26,36.24,36.26,,37,37.09,Female,18-20,White,24.2,23.2,0.6,0,13:47:54,17-10-2030
-0.32,35.61,34.93,34.95,34.38,35.57,35.56,35.54,35.61,34.94,34.94,34.72,34.99,35.5,34.64,35.88,35.86,34.28,34.22,33.83,34.28,34.56,35.3,34.98,35.98,35.92,35.98,,36.75,36.79,Male,26-30,Asian,24.7,22.3,0.6,0,14:29:38,17-10-2030
-0.44,35.19,35.46,34.76,35.22,35.18,35.18,34.75,35.19,35.44,35.44,35.24,35.46,34.67,35.25,35.46,35.44,34.11,33.91,34.37,34,34.44,35.03,34.67,35.49,35.45,35.49,,37.05,36.94,Female,18-20,White,24.3,22.4,0.6,0,14:58:44,17-10-2030
-0.38,34.94,34.6,33.9,34.05,34.92,34.92,34.84,34.94,34.58,34.57,34.51,34.6,34.74,34.45,34.94,34.92,33.05,33.24,33.34,33.07,33.78,35.2,34.22,35.47,35.44,35.47,,37.15,36.94,Male,21-25,White,24.2,22.7,0.6,0,15:20:59,17-10-2030
-0.44,35.5,35.27,34.86,34.78,35.52,35.52,35.43,35.58,35.29,35.24,35.29,35.34,35.28,34.86,35.58,35.52,34.24,34.66,34.06,34.08,34.37,34.81,34.77,35.68,35.35,35.36,,37,36.89,Female,21-25,White,24.3,22.9,0.65,1,15:34:41,17-10-2030
-0.27,35.94,35.79,35.06,35.34,35.91,35.91,35.8,35.94,35.85,35.85,35.66,35.88,35.82,35.61,35.94,35.91,35.08,35.08,35.01,34.98,34.84,35.53,35.53,35.94,35.67,35.71,,37.25,37.49,Female,21-25,Black or African-American,24.1,22.8,0.6,0,15:50:25,17-10-2030
-0.39,36.17,36.17,34.63,34.5,36.62,36.62,36.43,36.71,36.4,36.4,36,36.44,35.71,35.22,36.71,36.62,35.7,35.85,35.32,35.42,35.97,37.08,36.33,37.08,36.56,36.67,,38.7,38.94,Male,21-25,Black or African-American,23.8,23.6,0.75,0,16:23:24,17-10-2030
-0.25,35.34,35.35,34.8,34.06,35.32,35.3,35.27,35.34,35.29,35.28,35.25,35.35,35.26,34.85,35.35,35.33,34.69,34.44,34.56,34.56,35.11,35.18,35.18,35.45,35.41,35.45,,36.85,36.54,Male,18-20,White,25.9,22,0.6,0,14:34:14,17-10-2031
-0.44,35.66,35.19,35.1,34.87,35.68,35.63,35.68,35.7,35.24,35.24,35.16,35.25,35.37,34.9,35.7,35.68,34.57,35.05,29.54,34.47,35.12,35.88,35.45,36.01,35.82,35.85,,36.9,37.14,Female,21-30,Asian,26.6,20.3,0.6,1,15:14:13,17-10-2031
-0.1,36.52,37.05,36.13,36.73,36.78,36.78,36.53,36.82,37.01,36.99,36.96,37.05,36.08,36.88,37.21,37.18,36.55,36.95,36.81,36.26,37.06,37.89,37.6,37.89,37.58,37.64,,38.7,39.09,Female,18-20,Asian,26.3,20.7,0.6,0,15:47:40,17-10-2031
-0.15,35.77,35.61,35.16,34.73,35.86,35.86,35.76,35.94,35.76,35.76,35.69,35.79,35.21,35.06,35.94,35.86,34.84,34.96,34.28,34.76,34.58,35.39,35.14,35.94,35.32,35.35,,36.7,36.54,Male,18-20,Asian,27.3,27.9,0.6,,12:49:11,17-11-2001
-0.11,35.45,35.53,34.6,35.18,35.42,35.42,35.19,35.45,35.5,35.5,35.18,35.53,34.89,35.15,35.53,35.5,35.15,35.06,35.12,34.98,35.12,35.49,35.22,35.68,35.68,35.68,,36.9,36.89,Male,18-20,Black or African-American,25.3,33.3,0.6,0,13:22:53,17-11-2001
0.03,35.64,35.59,34.73,35.07,35.61,35.61,35.44,35.64,35.55,35.55,34.57,35.59,35.22,34.74,35.64,35.61,32.64,32.4,32.38,32.61,32.83,33.91,33.22,36.55,36.46,36.55,,37,37.04,Female,18-20,White,25.4,36.3,0.6,1,14:10:47,17-11-2001
-0.1,38.12,38.16,37.65,37.71,38.11,38.11,38.1,38.12,38.14,38.13,38.11,38.16,38,38.07,38.16,38.14,36.08,35.94,35.71,35.99,36.26,36.55,36.45,38.16,37.27,37.3,,37.45,38.69,Female,18-20,Asian,24.5,39.2,0.6,0,16:07:48,17-11-2001
-0.13,36.28,35.79,35.53,35.3,36.38,36.24,36.38,36.4,35.84,35.84,35.25,35.88,36.21,34.62,36.4,36.38,34.83,34.54,35.35,34.88,35.06,35.64,35.49,36.4,36.26,36.3,,37.5,37.29,Female,21-25,Multiracial,24.5,39.2,0.6,1,16:22:31,17-11-2001
-0.4,35.33,35.37,34.85,35,35.3,35.3,34.7,35.33,35.35,35.35,34.92,35.37,34.32,34.72,35.37,35.35,33.88,33.83,34.22,33.66,33.84,34.91,34.27,35.72,34.99,35.04,,36.9,36.84,Female,18-20,Black or African-American,24.5,39.2,0.6,1,16:40:01,17-11-2001
-0.33,36.25,35.94,35.77,35.43,36.24,36.24,35.96,36.27,35.89,35.89,35.44,35.94,35.88,35.05,36.27,36.24,34.82,34.73,34.54,34.56,35.27,35.65,35.44,36.46,36.44,36.46,,36.95,36.89,Female,18-20,Black or African-American,27.2,48.5,0.6,0,13:24:49,17-11-2003
-0.54,35.98,36.24,35.6,35.87,35.98,35.98,35.81,35.99,36.21,36.21,36.15,36.24,35.53,36.18,36.24,36.21,35.17,34.93,35.2,35.41,35.71,36.11,35.91,36.47,36.42,36.47,,37.2,37.29,Female,18-20,Asian,27.2,48.5,0.6,0,13:48:34,17-11-2003
-0.33,35.75,35.84,35.33,35.53,35.99,35.74,35.99,36.01,35.81,35.8,35.77,35.84,35.68,35.71,36.01,35.99,34.37,34.35,34.67,34.79,34.44,34.96,34.92,36.04,36.02,36.04,,36.95,36.94,Male,21-25,White,27.2,48.5,0.6,0,14:03:08,17-11-2003
-0.25,35.77,35.79,35.42,35.64,36.06,35.82,36.06,36.11,35.91,35.81,35.91,35.95,35.66,35.69,36.11,36.06,35.41,35.62,35.47,35.26,35.46,36.2,35.9,36.34,36.28,36.3,,37.2,37.29,Female,26-30,Asian,27.2,47,0.6,1,14:29:37,17-11-2003
-0.44,35.02,35.44,33.79,34.72,35.32,34.94,35.32,35.35,35.65,35.6,35.65,35.67,34.91,35.21,35.67,35.65,32.83,32.58,32.87,32.71,32.85,34.54,33.49,35.67,35.62,35.63,,37.15,37.04,Female,21-25,Hispanic/Latino,28,47,0.6,0,14:52:28,17-11-2003
-0.34,36.06,36.27,35.71,36.06,36.05,36.05,36.01,36.06,36.25,36.25,36.07,36.27,35.73,36.01,36.27,36.25,35.55,35.38,35.12,35.45,35.4,35.84,35.78,36.27,36.02,36.03,,36.95,36.89,Male,18-20,White,28.2,48.6,0.6,0,16:19:38,17-11-2003
-0.05,35.44,35.04,34.99,34.81,35.43,35.37,35.41,35.44,35.2,35.13,35.2,35.24,35.26,34.88,35.44,35.43,34.48,34.8,34.6,34.75,34.47,35.43,35.16,35.64,35.63,35.64,,36.9,36.89,Male,31-40,Asian,25.4,55.2,0.6,0,10:38:31,17-11-2006
0.2,35.7,35.67,34.59,35.29,35.69,35.67,35.68,35.7,35.62,35.62,35.2,35.67,35.59,35.25,35.7,35.69,33.91,34.01,33.57,33.83,34.52,35.06,34.88,35.85,35.82,35.85,,37.05,36.94,Male,18-20,Black or African-American,25.9,54.8,0.6,0,11:32:36,17-11-2006
0.16,36.01,35.66,35.33,35.17,36.05,36.04,36.04,36.06,35.81,35.81,35.12,35.83,35.81,34.76,36.06,36.05,35.21,35,34.89,35.11,35.08,35.61,35.46,36.39,36.31,36.39,,36.95,36.89,Female,18-20,White,26,54,0.6,1,11:58:04,17-11-2006
-0.08,34.76,35.39,33.35,34.89,35.05,34.65,35.05,35.12,35.37,35.36,35.33,35.39,34.59,35.16,35.39,35.37,32.91,32.46,32.66,32.91,32.89,34.05,33.82,35.39,35.05,35.08,,36.5,36.44,Male,18-20,White,26.1,53.8,0.6,0,12:14:15,17-11-2006
-0.41,35.75,35.58,35.49,35.34,35.74,35.74,35.34,35.75,35.55,35.55,35.29,35.58,35.45,35.33,35.75,35.74,34.45,34.51,34.2,34.37,34.18,34.9,34.82,35.75,35.57,35.58,,36.85,36.84,Male,21-25,Asian,25.6,50.9,0.6,0,13:17:13,17-11-2006
-0.61,36.45,36.91,35.34,36.38,36.44,36.44,36.29,36.51,36.89,36.89,36.2,36.91,36.01,36.21,36.91,36.89,33.31,33.41,33.57,33.72,33.35,34.82,34.3,36.91,36.21,36.26,,36.65,36.74,Female,18-20,White,25.6,50.9,0.6,1,14:29:35,17-11-2006
-0.04,36.15,36.16,35.53,35.85,36.17,36.12,36.17,36.19,36.23,36.23,35.97,36.25,35.9,35.86,36.25,36.23,34.74,34.47,34.42,34.23,34.64,35.42,35.28,36.25,36.21,36.25,,36.65,36.79,Female,21-25,Hispanic/Latino,25.6,50.9,0.6,1,15:13:56,17-11-2006
-0.06,35.51,35.78,34.44,35.36,35.57,35.57,35.5,35.59,35.76,35.76,35.51,35.78,35.06,35.34,35.78,35.75,34.66,34.37,34.73,34.22,34.86,35.39,35.18,35.95,35.81,35.95,,36.75,36.74,Male,18-20,Asian,25.6,50.9,0.6,0,15:22:44,17-11-2006
0.1,35.73,35.8,35.11,35.28,35.78,35.71,35.78,35.81,35.84,35.84,35.6,35.87,35.53,35.45,35.86,35.84,35.27,35.68,35.48,35.39,35.67,35.99,35.97,36.64,36.55,36.64,,37.15,37.29,Female,18-20,White,24.7,48.9,0.6,0,15:35:18,17-11-2006
-0.12,36.08,35.57,35.44,35.15,36.13,36.13,35.67,36.15,35.99,35.99,34.82,36.11,35.55,34.9,36.15,36.13,34.78,34.71,34.55,34.43,34.83,35.39,35.26,36.15,35.78,35.81,,36.9,37.09,Male,21-25,Asian,24.7,48.9,0.6,0,16:06:22,17-11-2006
-0.27,35.66,36,35.02,35.5,35.76,35.67,35.76,35.79,36.01,36.01,35.52,36.04,35.11,35.34,36.05,36.01,34.29,34.7,34.17,34.13,34.59,36.13,34.93,36.14,35.28,35.29,,36.8,36.89,Female,18-20,Black or African-American,24.7,48.4,0.6,,16:33:03,17-11-2006
0.5,35.22,35.14,34.87,34.84,35.4,35.16,35.4,35.46,35.14,35.08,35.09,35.2,35.07,34.82,35.46,35.44,34.34,34.13,33.93,33.95,34.47,35.37,34.62,35.81,35.77,35.81,,36.8,36.69,Female,21-30,Asian,22,30,0.6,0,10:03:39,17-11-2007
,,,,,,,,,,,,,,,,,,,,,,,,,,,,37.1,36.84,Female,18-20,White,23.9,27.7,0.6,0,10:49:38,17-11-2007
-0.03,36.34,36.12,35.74,35.73,36.25,36.25,36.03,36.34,36.21,36.21,35.86,36.28,35.99,35.34,36.34,36.27,35.01,34.81,34.16,34.39,33.7,35.53,35.53,36.34,35.7,35.71,,37.65,37.64,Male,18-20,White,24.1,30.2,0.7,0,11:46:02,17-11-2007
0.28,35.17,34.82,34.43,34.23,35.18,34.99,35.18,35.2,34.97,34.88,34.97,35.01,34.98,34.55,35.2,35.18,34.41,34.35,34.28,34.39,34.04,34.92,34.92,36.09,36.05,36.09,,36.9,37.09,Male,41-50,Black or African-American,24.1,30.2,0.7,0,11:30:41,17-11-2007
-0.23,35.46,35.52,34.09,35.08,35.48,35.44,35.48,35.5,35.57,35.57,35.47,35.59,35.33,34.95,35.59,35.57,34.32,34.7,34.44,34.27,34.48,35.53,34.95,35.59,34.94,34.99,,37,36.84,Female,26-30,White,24.2,32.8,0.6,1,12:14:39,17-11-2007
-0.1,35.83,35.84,35.16,35.5,35.83,35.83,35.74,35.9,35.81,35.81,35.4,35.84,35.61,35.38,35.9,35.84,35.31,35.35,35.01,35.07,35.29,35.64,35.64,35.9,35.28,35.3,,36.7,36.74,Male,18-20,Asian,25.4,28.2,0.6,1,13:17:00,17-11-2008
-0.39,35.18,35.44,34.11,34.21,35.16,35.14,35.13,35.18,35.54,35.49,35.54,35.59,34.98,35.17,35.59,35.54,34.4,33.6,34.68,33.07,35.47,35.96,35.64,35.96,33.2,33.26,,36.75,36.79,Female,18-20,White,25.4,28.2,0.65,1,13:39:45,17-11-2008
0.04,34.91,35.57,34.29,34.82,34.96,34.96,34.29,34.99,35.58,35.57,35.51,35.6,33.38,35.13,35.59,35.57,34.6,34.13,33.7,34.52,34.39,35.13,34.97,35.6,35.21,35.26,,36.95,36.89,Male,21-25,White,25.4,28.2,0.65,0,14:00:39,17-11-2008
-0.12,35.97,36.25,35.68,36.01,35.94,35.94,35.62,35.97,36.24,36.24,35.98,36.25,35.61,36.01,36.25,36.25,34.43,34.11,33.27,34.28,34.22,34.8,34.61,36.25,36.07,36.14,,36.6,36.89,Female,18-20,White,25,31.3,0.6,0,15:41:33,17-11-2008
-0.45,34.71,34.75,34.07,34.25,34.78,34.78,34.44,34.81,34.78,34.78,34.57,34.81,34.18,34.39,34.97,34.95,34.07,34.47,34.53,34.09,34.38,35.22,34.81,35.22,34.19,34.25,,36.8,36.84,Female,21-25,Asian,25,31.3,0.6,0,16:17:45,17-11-2008
0.51,35.82,35.57,35.04,35.02,35.8,35.8,35.6,35.82,35.52,35.52,34.91,35.57,35.04,34.79,35.82,35.8,33.7,34.02,34.21,33.77,33.96,35.09,34.92,36.12,36.08,36.12,,37,37.09,Male,26-30,Hispanic/Latino,23.4,16.9,0.6,0,14:28:16,17-11-2010
0.09,37.53,37.2,37.02,36.54,37.54,37.54,37.12,37.61,37.47,37.47,36.52,37.53,37.05,36.08,37.61,37.55,35.81,36.13,35.41,35.73,35.99,36.96,36.4,37.69,37.65,37.69,,37.85,38.34,Male,18-20,White,23.6,16.6,0.6,0,14:58:46,17-11-2010
,,,,,,,,,,,,,,,,,,,,,,,,,,,,36.8,36.84,Male,18-20,White,23.6,16,0.6,0,15:39:17,17-11-2010
-0.13,34.77,35.29,33.86,34.3,34.83,34.82,34.79,34.84,35.24,35.24,34.37,35.29,34.04,33.8,35.29,35.24,33.64,33.98,33.85,33.53,33.8,35.32,34.69,36.05,36.03,36.05,,37,37.09,Male,21-25,Black or African-American,23.6,16,0.6,0,15:52:25,17-11-2010
0.33,35.82,35.62,35.52,35.38,35.78,35.78,35.48,35.82,35.6,35.6,35.55,35.62,35.37,35.49,35.82,35.78,35.27,35.33,35.49,34.69,33.04,35.63,35.61,35.82,35.53,35.57,,36.85,36.84,Male,21-25,Asian,23.8,29.5,0.6,0,10:09:29,17-11-2016
-0.35,35.72,35.71,35.03,35.19,35.7,35.69,35.66,35.72,35.71,35.71,35.37,35.74,35.61,35.34,35.74,35.72,35.07,35.06,34.73,35.03,35.34,35.4,35.39,36.05,36,36.05,,36.8,37.04,Male,18-20,White,25.6,27.2,0.6,0,12:17:28,17-11-2016
-0.48,35.98,35.83,35.55,35.31,35.97,35.97,35.81,35.98,35.81,35.81,35.76,35.83,35.79,35.7,35.98,35.97,34.81,34.91,34.69,34.87,34.91,35.46,35.22,36.3,36.26,36.3,,37.15,37.49,Female,18-20,Multiracial,25.6,27.2,0.6,1,14:14:41,17-11-2016
-0.04,35.4,35.25,34.6,35,35.36,35.36,35.25,35.4,35.28,35.26,35.26,35.29,35.21,35.19,35.4,35.36,33.56,33.11,32.99,33.34,33.75,34.71,34.16,35.4,34.88,34.91,,36.65,36.39,Female,21-25,Black or African-American,23.6,20.1,0.6,1,11:52:41,17-11-2017
-0.24,36.91,36.5,36.37,36.27,36.89,36.84,36.88,36.91,36.56,36.49,36.56,36.59,36.8,36.36,36.91,36.89,35.59,35.65,35.54,35.47,36.1,36.6,36.6,36.92,36.89,36.92,,37.3,37.64,Male,21-25,White,23.6,20.1,0.6,0,12:11:33,17-11-2017
-0.34,34.56,34.8,32.93,34.15,34.91,34.76,34.91,34.92,35.15,35.15,34.45,35.19,33.91,34.03,35.4,35.36,34.5,34.82,34.27,34.44,34.82,35.36,35.28,35.4,34.17,34.29,,36.85,36.79,Male,21-25,Asian,23.6,20.1,0.6,0,13:38:08,17-11-2017
-0.2,34.82,35.1,32.5,33.86,34.99,34.86,34.99,35.01,35.42,35.42,35.17,35.43,34.24,34.47,35.43,35.42,33.79,33.68,33.53,33.83,34.07,34.79,34.2,35.43,34.01,34.04,,37,37.04,Female,18-20,White,24,20.1,0.6,1,15:23:26,17-11-2017
-0.48,35.47,36.03,33.06,35.48,35.98,35.87,35.98,36,36.15,36.15,35.41,36.22,34.97,35.42,36.22,36.15,35.02,34.38,34.78,34.93,34.45,35.48,35.48,36.22,35.77,35.81,,37.3,37.14,Female,18-20,White,24,20.1,0.6,1,15:39:25,17-11-2017
-0.23,36,35.82,34.01,35.22,35.94,35.94,35.7,36,35.88,35.88,34.88,35.94,35.36,34.87,36,35.96,33.43,33.16,33.08,32.99,33.16,34.8,34.47,36,34.76,34.79,,36.7,36.69,Male,51-60,White,24,20.1,0.6,0,15:54:40,17-11-2017
-0.34,33.47,35.13,32.6,34.28,35.04,33.64,35.04,35.06,35.31,35.31,35.22,35.33,32.24,34.27,35.33,35.32,32.81,32.34,33.05,33.15,32.95,34.68,33.69,35.33,33.88,34.07,,36.7,36.79,Female,26-30,Black or African-American,24.2,20.3,0.6,1,16:15:19,17-11-2017
0.03,36.05,36.09,35.15,35.56,36.04,36.04,35.89,36.05,36.08,36.08,35.53,36.09,35.66,35.31,36.09,36.08,35.36,35.14,34.85,34.98,35.39,36.01,35.7,36.48,36.44,36.48,,37.2,37.54,Female,18-20,Hispanic/Latino,23.2,17.2,0.6,0,13:56:56,17-11-2020
,,,,,,,,,,,,,,,,,,,,,,,,,,,,37.05,37.04,Female,21-25,Black or African-American,23.2,17.2,0.6,1,14:14:57,17-11-2020
-0.2,35.98,35.46,34.88,34.84,35.87,35.87,35.42,35.98,35.41,35.41,35.1,35.46,35.02,34.48,35.98,35.87,34.38,34.29,34.44,34.13,34.57,35.22,34.88,35.98,35.54,35.59,,37.05,37.09,Female,21-25,Hispanic/Latino,23.2,17.2,0.6,1,14:40:28,17-11-2020
0.21,34.99,35.08,32.09,33.11,35.4,35.12,35.4,35.42,35.19,35.19,35.15,35.2,34.28,34.68,35.42,35.4,34.25,34.53,34.11,34.18,33.93,35.08,34.63,35.42,35.08,35.12,,36.8,36.84,Male,18-20,Black or African-American,23.2,17.2,0.6,0,15:02:46,17-11-2020
-0.11,35.14,34.34,34.56,33.37,35.14,35.14,35.02,35.15,34.78,34.76,34.66,34.83,34.84,33.88,35.15,35.14,34.13,33.69,34.25,34.09,33.85,35.3,34.62,35.55,35.53,35.55,,36.65,36.19,Male,21-25,White,24,20.9,0.6,0,12:07:57,17-11-2021
-0.4,35.63,35.67,34.69,35.3,35.71,35.64,35.7,35.75,35.69,35.69,35.44,35.76,35.47,35.35,35.76,35.73,33.73,34.15,33.64,33.89,33.88,35.05,34.29,35.76,34.75,34.78,,36.5,36.69,Female,18-20,White,24.6,22,0.6,0,14:16:57,17-11-2027
-0.07,35.96,35.68,35.64,35.22,35.95,35.95,35.7,35.96,35.65,35.65,35.46,35.68,35.73,35.02,35.96,35.95,34.45,34.36,34.5,34.27,34.55,35.19,34.97,35.96,35.24,35.28,,36.65,36.94,Female,18-20,Asian,24.6,22,0.6,1,14:39:35,17-11-2027
-0.55,34.92,35.32,34.51,35.13,35.11,34.93,35.11,35.14,35.32,35.3,35.31,35.36,34.83,35.28,35.36,35.32,34.97,34.44,34.66,34.76,35.02,35.54,35.15,36.26,36.23,36.26,,37.1,37.19,Female,18-20,Asian,24.8,21,0.6,1,15:38:55,17-11-2027
-0.42,35.39,35.38,34.81,35.01,35.49,35.49,35.44,35.53,35.43,35.3,35.43,35.47,35.22,35.22,35.53,35.49,34,34.13,33.73,34.45,33.92,35.49,34.89,35.69,35.17,35.2,,36.95,37.29,Female,18-20,Black or African-American,24.8,21,0.6,0,15:57:16,17-11-2027
-0.28,36,36.56,35.38,36.27,36.45,35.85,36.45,36.48,36.54,36.54,36.44,36.56,35.81,36.38,36.56,36.54,35.86,36.08,36.17,35.47,35.77,36.35,36.21,36.56,36.23,36.29,,37.2,37.59,Male,18-20,White,24.8,21,0.6,0,16:39:26,17-11-2027
0.31,34.92,35.29,33.95,35.05,35.41,34.88,35.41,35.43,35.28,35.28,35.19,35.29,34.72,34.69,35.57,35.52,34.13,33.87,34.05,34.18,34.12,35.8,34.43,35.92,35.89,35.92,,36.9,36.99,Female,41-50,Black or African-American,25.3,26.4,0.6,1,13:33:22,17-11-2029
-0.09,35.58,35.42,35.31,35.15,35.53,35.52,35.46,35.58,35.36,35.35,35.32,35.42,35.29,35.02,35.58,35.55,34.51,34.52,34.35,34.84,34.46,35.32,35.06,35.83,35.25,35.31,,36.9,36.99,Female,18-20,Black or African-American,25.3,26.4,0.6,0,13:51:36,17-11-2029
0.02,35.98,35.83,35.55,35.62,35.96,35.96,35.83,35.98,35.8,35.8,35.62,35.83,35.85,35.66,35.98,35.96,35.05,34.94,35.1,34.97,35.15,35.43,35.32,35.98,35.26,35.28,,36.85,36.99,Male,18-20,White,25.3,26.4,0.6,0,14:04:06,17-11-2029
-0.21,35.94,35.65,35.29,35.31,35.91,35.91,35.81,35.94,35.63,35.63,35.28,35.65,35.76,35.17,35.94,35.91,34.65,34.64,34.32,33.93,34.69,36.07,35.24,36.07,35.92,35.99,,36.9,36.99,Female,18-20,White,25.9,25,0.6,0,14:16:51,17-11-2029
,,,,,,,,,,,,,,,,,,,,,,,,,,,,37.6,37.94,Male,18-20,White,26.1,24.3,0.6,0,15:18:24,17-11-2029
-0.55,35.39,35.75,35.07,35.32,35.38,35.38,35.12,35.39,35.7,35.7,35.23,35.75,35.08,35.3,35.75,35.7,34.93,34.94,35.03,34.7,34.83,35.28,35.28,35.75,34.95,34.99,,36.35,36.64,Female,18-20,Black or African-American,26.2,23.6,0.6,0,15:44:39,17-11-2029
-0.5,35.34,35.29,34.97,35.01,35.32,35.32,35.09,35.34,35.3,35.3,35.02,35.3,35.12,34.82,35.34,35.32,33.99,34.4,34.16,34.12,34.36,35.62,34.65,35.62,35.17,35.19,,36.8,36.94,Female,18-20,Asian,26.2,23.6,0.6,1,16:22:01,17-11-2029
-0.32,35.11,35.04,32.54,34.31,35.27,35.02,35.27,35.34,35.02,34.99,35.01,35.04,34.96,34.93,35.34,35.27,34.06,34,34.08,33.35,34.62,35.1,34.89,35.34,35.26,35.27,,36.85,36.89,Female,26-30,Black or African-American,24.6,26.1,0.7,1,11:41:45,17-12-2001
-0.27,35.34,35.56,33.43,35.06,35.33,35.22,35.33,35.36,35.54,35.54,35.11,35.56,35.2,35.16,35.56,35.54,34.64,34.86,34.82,34.63,34.52,35.38,35.04,36.11,36.07,36.11,,36.8,36.89,Male,31-40,Asian,24.9,24.8,0.6,0,12:53:51,17-12-2001
-0.27,35.84,35.87,35.21,35.4,35.87,35.8,35.87,35.89,36,35.83,36,36.04,35.39,34.94,36.04,36,35.36,35.3,35.39,35.04,35.38,35.8,35.8,36.04,35.3,35.32,,37.15,37.19,Male,21-25,Asian,25.1,24.6,0.6,0,13:19:55,17-12-2001
-0.18,35.59,35.36,35.17,35.02,35.52,35.52,35.15,35.59,35.34,35.34,35.16,35.36,35,34.74,35.59,35.52,34.47,34.54,34.35,34.24,34.56,35.05,34.86,35.64,35.57,35.64,,36.85,36.84,Male,21-25,Asian,25.6,25.3,0.7,0,15:14:20,17-12-2001
-0.15,35.5,35.89,34.32,35.47,35.54,35.45,35.54,35.59,35.96,35.86,35.96,35.99,35.42,35.77,35.99,35.96,34.22,34.2,34.54,33.85,34.15,34.76,34.67,35.99,35.63,35.66,,36.85,36.49,Male,18-20,White,23.5,43.3,0.54,0,11:09:45,17-12-2005
-0.13,35.79,35.77,35.08,35.51,35.86,35.78,35.86,35.87,35.75,35.75,35.48,35.77,35.76,35.3,35.87,35.86,35.3,35.34,35.09,35.1,35.26,35.44,35.39,36.33,36.3,36.33,,37.1,37.19,Male,18-20,White,23.9,43.6,0.54,0,11:29:18,17-12-2005
-0.1,35.23,35.09,34.91,34.34,35.37,35.37,35.14,35.42,35.25,35.25,35.09,35.29,34.92,34.52,35.42,35.4,34.97,34.78,34.63,34.56,35,35.3,35.3,36.12,36.02,36.08,,37.1,36.99,Female,21-25,White,24.4,46,0.54,0,11:47:22,17-12-2005
-0.11,35.34,35.44,34.84,35.05,35.34,35.34,35.19,35.35,35.4,35.4,35.06,35.44,34.62,35.13,35.44,35.4,34.51,34,33.97,33.97,34.64,34.92,34.72,35.48,35.43,35.48,,36.8,36.69,Male,26-30,White,24,42.8,0.58,0,12:15:37,17-12-2005
-0.14,34.95,35.07,34.52,34.52,35.01,35.01,34.94,35.03,35.15,35.15,35.08,35.17,34.54,34.67,35.17,35.15,33.91,34.08,34.29,33.97,34.34,35.14,34.58,35.54,35.42,35.42,,36.55,36.19,Female,18-20,Asian,24.2,42.9,0.6,0,12:47:54,17-12-2005
-0.15,35.31,35.08,34.71,34.95,35.53,35.25,35.53,35.53,35.13,35.06,35.13,35.13,35.21,35,35.53,35.53,34.87,34.52,34.53,34.57,35.05,35.31,35.23,35.53,35.43,35.45,,37,36.84,Male,18-20,White,24.3,43.2,0.63,0,13:33:29,17-12-2005
-0.21,35.93,36.05,35.33,35.55,35.98,35.98,35.82,36.06,36.05,36.05,35.79,36.07,35.31,35.54,36.07,36.06,35.14,34.83,34.99,35.05,35.3,35.6,35.5,36.07,35.57,35.62,,36.85,36.89,Male,21-25,Asian,24.8,42.9,0.57,0,13:58:11,17-12-2005
-0.22,35.18,34.65,34.65,34.27,35.1,35.1,34.72,35.18,34.89,34.73,34.89,34.93,34.55,34.45,35.18,35.1,34.08,33.5,34.09,33.72,34.1,35.04,34.28,35.67,35.1,35.13,,36.9,36.84,Female,21-25,Black or African-American,24.4,44.4,0.57,1,15:08:38,17-12-2005
-0.04,35.75,36.18,35.5,35.77,35.91,35.76,35.91,35.96,36.27,36.27,35.84,36.29,35.61,35,36.33,36.31,34.89,35.18,34.86,35.01,35.33,36.08,35.52,36.33,36.03,36.08,,37.2,37.19,Female,18-20,Asian,24.7,49.2,0.6,0,15:45:58,17-12-2005
-0.2,36.12,36.02,35.7,35.64,36.08,36.08,35.85,36.12,36,36,35.74,36.02,35.74,35.21,36.12,36.08,34.88,35.08,34.64,34.88,34.71,35.52,35.39,36.12,34.89,34.92,,37,37.09,Female,18-20,Asian,25,46.8,0.6,0,16:05:33,17-12-2005
-0.26,35.62,35.49,34.96,35.16,35.7,35.58,35.7,35.71,35.46,35.46,34.91,35.49,35.53,34.57,35.71,35.7,34.95,34.38,34.34,34.9,34.95,35.15,35.09,35.74,35.6,35.68,,36.9,36.69,Male,18-20,Hispanic/Latino,24.5,46.4,0.55,0,16:47:06,17-12-2005
0.35,35.37,35.12,34.32,34.44,35.34,35.34,35.27,35.37,35.18,35.18,34.21,35.2,35.21,33.62,35.37,35.34,33.78,33.94,32.96,33.96,33.45,34.32,34.17,35.37,34.53,34.56,,36.75,36.54,Female,18-20,Hispanic/Latino,23.4,17.9,0.6,0,09:58:28,17-12-2006
-0.03,34.85,34.54,34.54,34.3,34.88,34.88,34.64,34.92,34.56,34.56,34.27,34.58,34.61,34.25,34.98,34.96,34.31,34.25,34.32,34.26,34.62,35.29,34.78,35.54,35.42,35.45,,36.7,36.84,Female,21-25,Asian,23.8,16.2,0.64,1,10:46:09,17-12-2006
-0.26,34.97,34.94,34.34,34.44,35.16,35.07,35.16,35.17,34.98,34.87,34.98,35.03,34.67,34.81,35.3,35.23,34,34.15,34.27,33.81,34.17,35.57,34.62,35.57,35.44,35.45,,37.1,36.89,Female,21-25,Black or African-American,23.9,15.6,0.68,0,11:26:35,17-12-2006
-0.06,35.17,35.44,34.15,34.91,35.32,35.32,35.22,35.35,35.46,35.46,35.15,35.49,34.76,35.02,35.49,35.46,34.27,34.45,34.44,33.79,34.51,34.98,34.86,35.49,34.33,34.35,,36.6,36.39,Male,18-20,Asian,24,15.5,0.68,0,11:51:49,17-12-2006
-0.25,35.06,34.94,34.81,34.01,35.04,35.04,34.93,35.07,35.04,34.9,35.04,35.07,34.95,34.81,35.07,35.06,34.18,33.87,34.06,33.9,34.31,35.5,34.47,35.84,35.76,35.84,,36.95,36.69,Female,21-25,Multiracial,23.9,14.8,0.68,1,12:40:50,17-12-2006
-0.32,35.52,35.69,35.19,35.29,35.5,35.5,35.21,35.52,35.66,35.66,35.23,35.69,35.06,34.81,35.69,35.66,34.11,33.58,33.85,34.05,34.53,34.93,34.68,35.69,35.04,35.09,,36.75,36.99,Female,26-30,White,23.6,14.7,0.65,0,13:36:53,17-12-2006
-0.34,35.25,35.46,34.69,34.33,35.27,35.22,35.27,35.3,35.54,35.52,35.54,35.54,35.07,35.11,35.54,35.54,34.52,33.94,34.9,34.49,34.39,35.92,35.09,35.92,35.31,35.33,,37.1,37.14,Female,21-25,Asian,23.8,15.8,0.6,1,13:55:34,17-12-2006
-0.11,35.58,35.68,34.98,35.28,35.55,35.55,34.94,35.58,35.71,35.71,35.27,35.72,34.37,35.15,35.72,35.71,34.37,33.94,34.19,33.83,34.29,35.48,34.87,35.81,35.77,35.81,,36.75,36.79,Male,18-20,Black or African-American,23.8,15.8,0.6,0,14:10:42,17-12-2006
-0.34,34.83,34.98,34.27,34.54,34.86,34.85,34.78,34.89,35.15,35,35.15,35.25,34.38,34.7,35.25,35.18,34.09,34.67,34.6,34.08,34.22,35.07,34.74,35.42,34.8,34.88,,36.75,36.79,Female,18-20,Asian,24.3,17.4,0.6,1,14:21:08,17-12-2006
-0.13,35.51,34.9,34.21,34.6,35.57,35.39,35.57,35.58,34.89,34.89,34.83,34.9,35.4,34.83,35.58,35.57,33.92,34.62,33.84,33.67,34.37,35.56,34.89,35.67,34.46,34.46,,36.85,37.19,Female,18-20,White,24.3,17.4,0.6,1,14:52:10,17-12-2006
-0.27,35.55,35.49,33.91,33.22,35.54,35.52,35.48,35.55,35.48,35.47,35.44,35.51,34.82,34.68,35.55,35.54,34.59,34.78,34.68,34.37,34.61,35.35,35.23,35.56,35.54,35.56,,36.85,36.69,Male,21-25,White,24.3,17.4,0.6,0,15:26:13,17-12-2006
-0.24,35.49,35.51,35.14,35.14,35.51,35.51,35.31,35.57,35.49,35.49,35.36,35.51,35.04,35.24,35.57,35.51,34.2,33.89,33.86,34.49,34.05,35.23,34.57,36.21,35.93,35.94,,36.6,36.69,Female,21-25,Black or African-American,23.7,15.1,0.6,1,15:59:41,17-12-2006
-0.2,35.57,35.54,34.48,34.62,35.8,35.54,35.8,35.82,35.58,35.54,35.57,35.59,35.36,35.15,35.82,35.8,33.85,33.97,34.17,33.69,34.09,34.58,34.58,35.89,35.85,35.89,,37.4,37.04,Female,18-20,White,23.8,15.2,0.6,0,16:22:06,17-12-2006
-0.2,34.89,35.1,32.66,34.01,35.4,35.23,35.4,35.46,35.09,35.09,35.06,35.1,34.13,34.53,35.46,35.4,33.62,33.59,34.05,32.96,34.09,34.94,34.37,35.46,35,35.03,,37.35,36.94,Female,21-25,White,23.5,17.6,0.56,1,11:06:46,17-12-2007
-0.31,35.47,35.12,34.86,34.41,35.48,35.48,34.89,35.49,35.15,35.15,35.05,35.2,34.78,34.65,35.52,35.5,34.82,34.95,34.84,34.44,34.85,35.56,35.39,35.56,34.84,34.87,,37.35,36.79,Female,26-30,Asian,23.5,17.6,0.63,1,11:31:04,17-12-2007
,,,,,,,,,,,,,,,,,,,,,,,,,,,,36.95,36.79,Female,21-25,Asian,23.5,17.6,0.63,1,12:14:33,17-12-2007
-0.49,35.05,35.19,34.68,34.72,35.17,35.06,35.17,35.21,35.24,35.24,35.11,35.29,35.02,34.9,35.29,35.24,33.87,33.57,33.74,33.92,33.62,34.81,34.29,35.58,35.54,35.58,,36.9,37.04,Female,18-20,Multiracial,23.5,17.6,0.63,0,12:31:13,17-12-2007
0.07,35.07,35.36,34.36,34.91,35.26,35.25,35.14,35.27,35.53,35.53,35.3,35.55,34.36,34.63,35.57,35.55,34.25,34.41,34.61,34.29,34.41,34.98,34.89,35.73,35.7,35.73,,36.75,36.44,Male,18-20,Hispanic/Latino,23.3,17.5,0.6,0,10:20:29,17-12-2008
0.05,35.6,35.55,35.28,34.92,35.92,35.92,35.33,35.95,35.6,35.57,35.6,35.62,35.15,35.39,35.95,35.93,35.1,35.38,34.66,34.6,35.12,35.58,35.58,36.04,36.03,36.04,,36.95,37.19,Female,18-20,White,23.4,16.3,0.6,1,11:46:06,17-12-2008
-0.28,35.73,35.49,35.41,35.13,35.71,35.71,35.47,35.74,35.81,35.81,35.05,35.87,35.3,34.78,35.88,35.88,34.84,34.25,34.87,34.84,34.05,35.49,35.28,35.88,35.35,35.37,,37.1,36.94,Male,18-20,Asian,23.5,16.1,0.6,0,12:25:38,17-12-2008
-0.29,34.7,35.21,33.11,34.65,34.76,34.75,34.71,34.78,35.3,35.3,34.6,35.31,34.21,34.5,35.31,35.3,34.08,34.38,34.38,34.24,34.02,34.99,34.65,35.31,34.69,34.74,,36.65,36.44,Female,18-20,Asian,23.5,15.7,0.6,0,13:41:46,17-12-2008
,,,,,,,,,,,,,,,,,,,,,,,,,,,,36.7,36.59,Male,18-20,White,23.5,15.7,0.6,0,14:15:30,17-12-2008
,,,,,,,,,,,,,,,,,,,,,,,,,,,,37.25,37.04,Female,26-30,White,23.7,16,0.6,1,14:57:15,17-12-2008
-0.39,35.72,35.86,34.09,35.01,35.95,35.74,35.95,36.03,35.98,35.98,35.89,36.01,35.55,35.41,36.03,36,33.81,33.88,33.89,33.36,34.01,34.94,34.51,36.59,36.56,36.59,,37.15,36.94,Female,21-25,White,23.7,16,0.6,0,15:05:59,17-12-2008
-0.22,35.08,34.64,34.64,34.14,35.05,35.05,34.69,35.08,34.63,34.63,34.22,34.64,34.44,34.1,35.08,35.05,33.51,33.37,33.42,33.19,33.53,34.22,33.9,35.26,34.9,34.91,,36.75,36.74,Male,31-40,White,23.4,15.1,0.7,0,16:17:01,17-12-2008
,,,,,,,,,,,,,,,,,,,,,,,,,,,,37.15,37.04,Female,18-20,Black or African-American,23.3,19.2,0.6,1,15:31:03,17-12-2011
-0.35,34.88,34.99,32.8,33.39,35.01,34.9,35.01,35.02,35.15,35.15,35.1,35.21,34.7,34.12,35.64,35.63,34.33,34.28,34.3,34.35,34.83,35.56,35.28,36.16,36.13,36.16,,37.2,37.24,Female,31-40,White,23.3,19.3,0.6,1,16:21:54,17-12-2012
-0.24,34.83,34.9,34.31,33.7,34.77,34.77,34.43,34.83,34.92,34.92,34.55,34.98,33.58,33.59,34.98,34.92,34.03,33.58,33.76,34,34.16,35.43,34.96,35.74,35.69,35.7,,36.9,36.79,Female,26-30,White,23.5,17.7,0.6,1,16:55:14,17-12-2012
-0.49,35.43,34.92,34.53,33.82,35.37,35.37,35.3,35.43,34.93,34.87,34.92,34.95,35.24,34.77,35.43,35.37,34.15,33.81,34.48,33.73,34.4,35.18,35.18,35.43,35.37,35.41,,36.85,36.44,Male,21-25,Multiracial,23.1,10.9,0.6,0,10:33:22,17-12-2013
-0.53,36.75,36.37,36.18,35.91,36.74,36.74,35.98,36.75,36.51,36.51,35.65,36.55,35.93,35.57,36.75,36.74,35.4,35.47,35.57,35.3,34.73,35.78,35.61,36.75,35.34,35.35,,37.05,37.14,Male,18-20,Multiracial,23.6,10.8,0.6,0,12:12:48,17-12-2013
-0.41,34.31,33.63,33.87,32.99,34.33,34.33,34.13,34.35,34.13,33.91,34.13,34.17,34.22,33.5,34.38,34.36,33.62,33.62,34.03,33.41,33.76,34.8,34.34,34.91,34.2,34.22,,36.6,36.54,Female,21-25,Asian,23.5,12.5,0.6,0,10:15:49,17-12-2015
,,,,,,,,,,,,,,,,,,,,,,,,,,,,36.7,36.59,Female,18-20,White,23.8,13.9,0.6,0,10:46:30,17-12-2015
,,,,,,,,,,,,,,,,,,,,,,,,,,,,37.3,37.54,Male,21-25,White,24,13.2,0.6,0,11:18:43,17-12-2015
-0.42,35.12,34.39,34.55,33.97,35.09,35.09,34.85,35.12,34.6,34.6,34,34.63,34.53,33.87,35.12,35.09,34.21,34.33,34.43,34.18,34.66,35.23,34.88,35.32,35.3,35.32,,36.6,36.74,Male,21-25,Black or African-American,23.5,12.7,0.6,0,11:47:46,17-12-2015
-0.07,35.41,35.68,35.15,35.41,35.35,35.35,35.33,35.41,35.65,35.65,35.42,35.68,35.28,35.4,35.68,35.64,33.9,33.91,34.14,33.89,33.93,35.53,34.67,35.8,35.78,35.8,,36.7,36.79,Female,18-20,White,23.6,21.1,0.6,1,10:07:48,18-01-2024
-0.21,34.69,34.44,34,33.84,34.66,34.66,34.25,34.69,34.82,34.82,34.42,34.85,34.03,34.35,34.91,34.86,31.43,30.72,32.46,31.21,31.59,33.61,33.5,35.32,35.27,35.32,,36.65,36.54,Female,18-20,Asian,23.6,21.1,0.6,1,10:26:24,18-01-2024
-0.32,35.3,35.52,34.62,35.26,35.49,35.31,35.49,35.52,35.48,35.48,35.26,35.52,35.15,35.18,35.52,35.51,34.37,34.84,34.67,34.56,34.22,35.63,34.99,35.63,35.27,35.3,,36.95,36.84,Female,21-25,Black or African-American,23.9,21.2,0.6,1,10:42:24,18-01-2024
-0.3,35.21,34.87,34.59,34.29,35.19,35.19,35.04,35.21,34.84,34.84,34.66,34.87,34.86,34.57,35.21,35.19,33.67,34.26,34.22,33.56,34.12,35.23,34.89,36.53,36.49,36.53,,36.95,36.69,Female,18-20,Asian,23.9,21.2,0.6,1,11:05:26,18-01-2024
-0.26,35.27,35.26,34.48,34.98,35.25,35.23,35.24,35.27,35.35,35.28,35.35,35.39,34.47,35.01,35.39,35.35,34.59,34.6,34.56,34.37,34.86,35.13,34.95,35.39,35.23,35.25,,36.8,36.79,Male,26-30,Asian,23.8,20.6,0.6,0,11:25:17,18-01-2024
-0.33,35.62,35.65,35.19,35.12,35.58,35.58,35.37,35.62,35.56,35.56,35.46,35.65,35.24,35.25,35.65,35.6,34,34.18,34.21,34.04,33.79,34.57,34.57,35.65,34.46,34.47,,36.55,36.44,Male,41-50,White,23.9,20.2,0.6,0,11:55:25,18-01-2024
-0.13,35.28,35.59,32.91,33.95,35.87,35.46,35.87,35.93,35.77,35.69,35.75,35.81,34.54,34.86,35.93,35.87,34.73,34.72,34.88,34.49,34.75,35.12,35.1,35.93,35.69,35.71,,36.9,36.74,Male,26-30,White,24.2,19.2,0.65,0,12:30:36,18-01-2024
-0.64,33.73,35.42,31.97,34.99,35.31,33.42,35.31,35.35,35.38,35.38,34.77,35.42,33.3,34.53,35.42,35.4,34.5,34.1,34.28,34.43,34.85,35.33,35.19,35.42,34.69,34.72,,36.9,36.69,Female,18-20,White,23.9,20.2,0.65,0,14:04:14,18-01-2024
-0.21,36.32,36.62,35.08,35.66,36.31,36.31,36.14,36.32,36.62,36.62,36.4,36.63,36.03,35.96,36.63,36.62,35.44,35.17,35.35,35.5,35.43,35.88,35.62,36.63,35.68,35.71,,37.05,36.94,Female,18-20,White,23.9,20.2,0.65,1,16:24:53,18-01-2024
-0.25,35.52,35.41,34.73,34.62,35.49,35.49,35.27,35.52,35.38,35.38,35.22,35.41,34.96,34.94,35.52,35.49,34.2,34.27,34.62,34.22,34.22,35.03,34.73,35.52,35.14,35.17,,36.95,36.69,Male,26-30,White,23.8,14.7,0.6,0,11:53:02,18-01-2025
-0.31,36.45,36.66,36.12,36.26,36.43,36.43,36.29,36.45,36.63,36.63,36.22,36.66,35.82,35.78,36.66,36.63,35.33,34.87,35.08,35.19,35.34,35.9,35.47,36.66,36.05,36.07,,37.05,37.34,Female,31-40,White,22,30,0.6,1,13:12:29,18-01-2025
-0.45,35.62,36.12,34.89,35.17,35.61,35.61,35.55,35.62,36.07,36.07,35.99,36.12,35.57,35.82,36.12,36.07,34.47,33.68,34.26,33.98,34.57,35.69,35.22,36.36,36.33,36.36,,37.15,37.24,Female,31-40,White,22,30,0.6,1,13:32:19,18-01-2025
-0.25,35.2,35.64,33.87,34.66,35.22,35.18,35.22,35.26,35.69,35.61,35.69,35.73,34.98,35.6,35.73,35.69,32.35,32.06,31.35,31.67,31.43,34.04,33.18,36.35,36.32,36.35,,37.45,37.44,Male,18-20,White,22,30,0.6,0,13:58:09,18-01-2025
-0.2,34.87,35.09,33.62,33.69,34.96,34.96,34.91,34.98,35.13,35.13,35.06,35.15,34.38,34.54,35.15,35.13,34.76,34.51,35.07,34.18,34.63,35.29,35.29,35.29,35.19,35.29,,35.75,36.19,Female,18-20,White,22,30,0.6,1,14:15:37,18-01-2025
,,,,,,,,,,,,,,,,,,,,,,,,,,,,36.65,36.59,Female,18-20,White,22,30,0.6,1,14:30:40,18-01-2025
-0.42,35.44,35.59,34.33,34.63,35.44,35.41,35.41,35.45,35.56,35.56,35.5,35.59,35.21,34.57,35.59,35.56,34.86,34.61,32.17,34.53,32.19,35.35,35.08,35.65,35.61,35.65,,36.75,36.64,Male,21-25,White,22,30,0.6,0,15:08:01,18-01-2025
-0.44,34.61,34.46,33.49,33.71,34.59,34.59,34.42,34.61,34.45,34.45,34.01,34.46,34.23,33.44,34.61,34.59,32.48,33.48,33.12,32.5,32.55,34.88,33.67,34.88,34.35,34.43,,36.5,36.09,Male,18-20,Black or African-American,22,30,0.6,0,15:33:32,18-01-2025
-0.22,35.51,35.59,34.48,35.3,35.53,35.53,35.45,35.53,35.54,35.54,35.43,35.59,35.09,35.37,35.59,35.55,34.79,35.27,35.21,34.84,34.85,35.64,35.4,36.05,35.99,36.05,,37.35,37.29,Female,21-25,Hispanic/Latino,22,30,0.6,1,15:48:09,18-01-2025
-0.13,35.97,35.82,35.71,35.51,35.94,35.94,35.8,35.97,35.81,35.81,35.59,35.82,35.76,35.39,36.11,36.05,35.48,35.31,35.3,35.21,35.88,36.35,36.18,36.7,36.69,36.7,,37.35,37.34,Female,21-25,Asian,23.7,15.3,0.65,0,10:25:41,18-01-2026
-0.51,35.61,35.96,35.01,35.57,35.63,35.6,35.61,35.65,35.93,35.93,35.71,35.96,35.33,35.54,35.96,35.93,34.91,34.21,34.27,34.46,34.93,35.26,35.19,35.96,35.64,35.65,,36.7,36.84,Female,18-20,White,24.1,16.1,0.54,1,10:48:36,18-01-2026
,,,,,,,,,,,,,,,,,,,,,,,,,,,,36.85,36.89,Female,18-20,White,24.4,15.3,0.65,0,11:07:32,18-01-2026
-0.5,35.83,35.69,35.57,35.47,35.95,35.8,35.95,35.99,35.68,35.67,35.65,35.69,35.59,35.19,36.08,36.02,34.81,34.61,35.02,34.76,35.02,35.5,35.35,36.27,36.23,36.27,,37.2,37.14,Female,18-20,Asian,24.5,15.5,0.6,1,11:45:13,18-01-2026
-0.35,35.96,35.55,35.04,35.19,36,35.86,36,36.08,35.57,35.56,35.55,35.59,35.76,35.15,36.08,36,34.49,34.79,34.54,34.71,34.78,35.65,35.32,36.29,36.27,36.29,,36.9,36.89,Male,18-20,White,24.5,15.5,0.6,0,12:04:47,18-01-2026
-0.47,34.2,34.38,32.09,33.76,34.45,34.16,34.45,34.48,34.39,34.39,33.74,34.47,33.9,33.5,34.48,34.46,33.08,32.9,33.16,32.25,33.5,34.7,33.77,35.17,35.08,35.17,,36.6,36.74,Female,26-30,Multiracial,24.3,15.5,0.6,1,13:25:54,18-01-2026
,,,,,,,,,,,,,,,,,,,,,,,,,,,,36.9,36.94,Male,18-20,White,24.5,15.9,0.6,0,14:00:40,18-01-2026
-0.35,35.2,35.39,34.88,35.02,35.19,35.19,35.09,35.2,35.34,35.34,35.07,35.39,35.04,34.98,35.39,35.34,33.95,33.96,34.05,33.72,33.86,34.67,34.52,35.51,35.5,35.51,,36.85,36.94,Female,21-25,Asian,24.2,17.1,0.6,1,15:23:56,18-01-2026
-0.31,35.84,36.14,35.22,35.74,35.9,35.83,35.9,35.92,36.17,36.13,36.17,36.25,35.63,36.09,36.25,36.17,34.79,34.47,34.9,34.77,34.92,35.15,35.08,36.25,35.7,35.74,,36.95,36.94,Female,18-20,White,23.9,23.5,0.6,0,11:38:45,18-01-2029
-0.31,34.87,34.57,33.7,33.88,34.84,34.84,34.58,34.87,34.51,34.51,34.05,34.57,34.48,33.72,35.17,35.14,33.26,33.52,33.79,32.71,33.26,34.51,34.16,35.25,34.97,35.01,,36.6,36.59,Male,51-60,Black or African-American,24.1,23,0.6,1,11:58:52,18-01-2029
-0.25,35.76,35.97,35.13,35.47,35.79,35.69,35.79,35.81,35.97,35.96,35.97,35.99,35.63,35.91,35.99,35.97,34.27,34.57,34.63,34.42,35.16,35.52,35.26,35.99,35.05,35.06,,37.1,37.54,Female,21-25,White,24.1,21.8,0.6,1,12:50:48,18-01-2029
-0.4,35.18,35.52,34.74,35.02,35.17,35.17,35.01,35.19,35.48,35.48,35.36,35.52,34.9,34.96,35.52,35.48,34.77,34.29,35.02,34.77,34.68,35.47,35.25,35.95,35.93,35.95,,36.7,36.64,Male,31-40,Asian,24,21.3,0.6,0,13:57:30,18-01-2029
-0.42,35.11,35.31,34.37,34.69,35.1,35.1,34.72,35.12,35.28,35.28,34.99,35.31,34.45,34.54,35.31,35.28,33.4,33.78,33.39,33.47,33.45,34.93,34.11,35.31,33.57,33.61,,36.65,36.69,Female,18-20,White,24,20.5,0.6,1,14:35:15,18-01-2029
-0.4,36.53,36.25,36.12,35.56,36.47,36.47,36.12,36.53,36.2,36.17,36.14,36.25,36.05,35.8,36.53,36.47,34.58,34.5,34.23,34.55,33.76,35.39,35.39,36.53,36.31,36.33,,36.95,36.89,Male,18-20,Asian,24,20.5,0.6,0,14:47:36,18-01-2029
-0.52,35.47,35.83,33.05,35.23,35.69,35.44,35.69,35.73,36.02,36.01,35.96,36.1,35.33,35.75,36.1,36.06,34.8,35.21,35.23,35.07,35.8,36.15,36,36.15,35.75,35.8,,36.9,37.04,Female,21-25,Black or African-American,24,20.5,0.6,0,15:10:47,18-01-2029
-0.27,38.35,38.63,38.05,38.29,38.37,38.37,38.27,38.43,38.57,38.57,38.47,38.63,38.17,38.32,38.63,38.57,36.71,36.77,37.02,36.87,36.97,37.58,37.49,38.8,38.3,38.36,,39.2,39.84,Female,21-25,Black or African-American,24.2,21.6,0.6,0,16:11:05,18-01-2029
-0.49,35.65,35.83,35.02,35.21,35.62,35.62,35.45,35.65,35.78,35.78,35.48,35.83,35.22,35.1,35.83,35.78,34.27,33.5,33.98,33.93,34.49,34.96,34.79,35.83,34.27,34.28,,36.55,36.69,Female,18-20,Black or African-American,24.2,21.6,0.6,0,16:23:19,18-01-2029
-0.33,34.99,34.74,34.32,34.49,35.01,34.93,35.01,35.02,34.92,34.92,34.27,34.95,34.89,34.18,35.13,35.06,34.37,33.94,34.19,33.98,34.17,34.77,34.51,35.19,35.05,35.07,,37.05,36.94,Female,18-20,Asian,23.4,15.1,0.6,1,10:23:25,18-01-2030
,,,,,,,,,,,,,,,,,,,,,,,,,,,,38.95,39.59,Female,21-25,White,23.7,16.6,0.6,0,10:44:24,18-01-2030
-0.37,35.38,35.47,34.45,34.94,35.38,35.38,35.27,35.39,35.46,35.46,34.72,35.47,35.07,34.55,35.47,35.46,34.59,34.45,34.42,34.29,34.54,35.53,35,35.8,35.77,35.8,,37.05,36.89,Male,21-25,Asian,23.6,16.8,0.63,0,11:22:05,18-01-2030
-0.28,35.81,35.51,32.84,34.43,36.56,35.91,36.56,36.57,36.07,36.07,35.91,36.11,34.82,34.7,36.57,36.56,35.71,34.74,36.16,35.51,35.87,37.7,36.54,37.7,36.71,36.74,,37.6,38.29,Female,21-25,White,23.5,30,0.57,0,12:17:14,18-01-2030
-0.26,34.59,34.68,31.04,33.68,34.8,34.72,34.8,34.81,34.68,34.68,34.47,34.68,34.09,34.12,34.81,34.8,33.49,33.55,33.47,33.44,33.75,35.09,34.13,35.41,35.39,35.41,,36.85,36.74,Female,21-25,Black or African-American,23.8,15.1,0.6,1,12:41:51,18-01-2030
-0.27,35.17,35.58,34.59,34.85,35.25,35.16,35.25,35.31,35.56,35.56,35.42,35.58,35.15,35.2,35.58,35.56,33.14,33.48,33.55,33.31,33.49,34.44,33.99,35.81,35.77,35.81,,36.9,36.74,Male,21-25,Black or African-American,23.8,15.1,0.6,0,13:53:43,18-01-2030
-0.32,36.63,36.33,35.23,35.65,36.59,36.56,36.57,36.63,36.3,36.3,36.27,36.33,36.43,35.88,36.63,36.59,33.92,34.39,34.31,34.3,34.48,35.02,34.9,36.63,36.46,36.5,,37.6,37.49,Female,18-20,Hispanic/Latino,23.8,15.1,0.6,0,14:08:27,18-01-2030
-0.27,34.86,35.17,34.23,34.63,35.07,34.84,35.07,35.16,35.14,35.14,34.53,35.17,34.55,33.99,35.17,35.15,32.62,32.99,33.25,32.42,31.8,33.96,33.51,35.56,35.52,35.56,,36.8,36.64,Male,18-20,White,23.8,15.1,0.6,0,15:36:04,18-01-2030
-0.16,35.39,35.53,34.98,35.32,35.37,35.37,35.26,35.39,35.52,35.52,35.21,35.53,34.95,35.31,35.53,35.52,34.79,34.45,34.45,34.96,34.72,35.19,35.02,35.71,35.67,35.71,,37.3,36.94,Male,18-20,Hispanic/Latino,23.8,15.1,0.6,0,15:47:43,18-01-2030
-0.14,35.06,34.88,33.9,33.78,35.02,35.01,34.98,35.06,34.84,34.84,34.6,34.88,34.91,34.55,35.06,35.02,33,33.93,32.97,32.41,33.68,34.45,34.11,35.54,35.52,35.54,,36.4,36.59,Male,21-25,Black or African-American,22,30,0.6,0,16:36:51,18-01-2030
-0.49,35.56,35.35,34.13,34.48,35.55,35.52,35.51,35.56,35.35,35.35,35.22,35.37,35.27,34.91,35.56,35.54,34.78,34.51,35.04,34.55,34.86,35.32,35.26,35.56,34.74,34.8,,36.45,36.49,Male,18-20,White,24.4,12.3,0.6,0,11:02:45,18-01-2031
,,,,,,,,,,,,,,,,,,,,,,,,,,,,36.8,36.89,Male,18-20,Asian,24.4,12.3,0.6,0,11:26:06,18-01-2031
-0.23,36.05,36.3,35.67,35.64,36.03,36.03,35.62,36.05,36.26,36.26,35.98,36.31,35.37,35.07,36.3,36.26,35.04,34.68,34.89,34.64,35.04,35.17,35.12,36.31,34.68,34.73,,36.5,36.79,Male,21-25,Asian,24.4,12.3,0.6,0,11:53:28,18-01-2031
-0.5,34.77,34.75,32.08,33.74,34.91,34.85,34.91,34.92,35.14,34.99,35.14,35.19,34.21,34.52,35.19,35.14,33.56,34.13,34.04,33.47,33.83,35.23,34.41,35.23,34.93,34.94,,36.8,36.84,Female,31-40,White,24.4,12.3,0.6,0,12:07:17,18-01-2031
,,,,,,,,,,,,,,,,,,,,,,,,,,,,36.4,36.49,Female,18-20,White,24.7,12.2,0.6,1,12:39:33,18-01-2031
-0.43,35.38,35.88,35.17,35.28,35.35,35.35,35.27,35.38,35.88,35.83,35.87,35.93,34.9,35.82,35.93,35.88,35.03,34.83,34.95,34.77,33.72,35.27,35.21,35.93,35.53,35.6,,36.75,36.84,Male,18-20,White,24.7,12.2,0.6,0,12:51:02,18-01-2031
-0.4,35.77,36.04,33.97,34.95,35.96,35.57,35.96,35.96,36.11,35.99,36.11,36.14,35.53,35.89,36.14,36.11,34.78,34.96,35.18,34.83,34.88,35.64,35.31,36.14,35.62,35.62,,36.85,36.89,Female,21-25,White,24.7,12.2,0.6,1,14:49:49,18-01-2031
-0.45,36.13,36.82,35.58,36.59,36.13,36.08,36.13,36.14,36.81,36.81,36.62,36.82,36.04,36.53,36.82,36.8,35.7,35.54,35.37,35.73,35.66,35.96,35.92,36.82,35.98,36,,36.85,37.04,Female,18-20,White,24.5,11.5,0.6,0,15:19:34,18-01-2031
-0.26,35.72,36.07,34.9,35.7,35.86,35.71,35.86,35.91,36.04,36.04,35.73,36.07,35.37,35.47,36.07,36.04,35.05,35,35.45,35.14,35.04,35.65,35.55,36.07,35.63,35.69,,36.6,36.74,Female,21-25,White,24.5,11.5,0.6,0,16:46:03,18-01-2031
-0.28,35.54,35.71,34.58,35.01,35.55,35.55,35.3,35.61,35.64,35.64,34.67,35.71,35.09,34.63,35.71,35.64,34.48,34.57,34.63,34.6,35.2,35.84,35.46,36.32,36.05,36.06,,36.8,36.94,Female,18-20,White,23.8,16.9,0.54,1,10:36:15,18-02-2001
-0.26,35.82,35.68,35.4,35.27,35.8,35.8,35.77,35.82,35.65,35.65,35.57,35.68,35.63,35.09,35.82,35.8,34.86,35.2,34.7,34.59,31.78,35.7,35.42,35.9,35.86,35.9,,37.1,36.89,Male,18-20,Asian,24.2,17.7,0.54,0,10:54:09,18-02-2001
-0.08,36.12,35.55,34.84,35.23,36.23,36.07,36.23,36.24,35.53,35.53,35.08,35.55,35.98,34.54,36.24,36.23,34.06,34.08,34.15,33.87,34.08,34.9,34.64,36.91,36.87,36.91,,37.35,37.69,Male,21-25,White,24.2,17.7,0.54,0,11:21:53,18-02-2001
-0.5,35.4,35.63,34.86,35.29,35.58,35.58,35.43,35.69,35.78,35.78,35.71,35.8,34.83,35.46,35.8,35.78,34.75,34.92,34.53,34.76,34.95,35.32,35.19,36.01,35.97,36,,36.8,36.94,Female,18-20,Asian,24.3,17.4,0.6,1,11:59:35,18-02-2001
-0.37,35.3,35,34.7,34.29,35.46,35.46,35.33,35.48,35.09,35.09,35.04,35.13,34.62,34.21,35.48,35.47,34.7,34.66,34.71,34.71,35.27,35.55,35.43,35.93,35.85,35.93,,36.8,36.99,Female,21-25,Asian,24.1,17.9,0.6,0,12:40:19,18-02-2001
-0.63,34.24,34.87,33.67,34.29,34.47,34.47,33.7,34.47,34.95,34.95,34.53,34.97,33.02,33.88,35.07,35.02,32.83,33.29,33.09,32.88,33.69,34.08,34.08,35.76,35.71,35.76,,36.05,36.34,Female,18-20,Asian,24.1,17.9,0.6,0,13:39:33,18-02-2001
-0.21,35,35.06,33.49,34.49,34.96,34.95,34.89,35,35.03,35.03,34.47,35.06,34.7,34.61,35.06,35.03,32.86,33.23,32.64,33.15,32.98,33.63,33.4,35.43,35.4,35.43,,36.9,37.09,Male,18-20,White,24.1,17.9,0.6,0,14:17:35,18-02-2001
-0.22,35.36,35.38,35,35.1,35.35,35.35,35.12,35.36,35.38,35.37,35.3,35.41,34.9,34.81,35.57,35.52,34.59,34.68,34.49,34.58,34.44,35.58,34.84,35.81,35.49,35.51,,36.75,36.74,Male,18-20,Asian,24.1,17.9,0.6,0,14:54:41,18-02-2001
-0.51,35.28,35.44,34.33,34.91,35.14,35.14,35.04,35.28,35.36,35.36,35.22,35.44,34.92,34.89,35.44,35.36,33.87,33.53,33.22,33.45,33.82,34.47,34.32,35.61,35.54,35.61,,36,35.54,Female,18-20,White,24.1,17.9,0.6,0,15:15:41,18-02-2001
-0.18,36.02,35.72,33.61,34.43,35.98,35.98,35.76,36.02,35.75,35.71,35.75,35.81,35.34,35.35,36.02,35.98,34.72,34.76,34.58,34.52,34.94,35.48,35.13,36.53,36.49,36.53,,37.2,37.34,Female,18-20,White,24.1,17.9,0.6,1,15:28:58,18-02-2001
,,,,,,,,,,,,,,,,,,,,,,,,,,,,36.75,37.24,Male,18-20,White,24.1,17.9,0.6,0,16:26:36,18-02-2001
0.18,35.64,35.09,35.28,34.86,35.62,35.62,35.51,35.64,35.2,35.2,34.89,35.21,35.44,34.9,35.64,35.62,34.93,34.77,34.47,34.72,34.64,35.2,35.2,35.88,35.85,35.88,,37.05,36.84,Female,18-20,White,23.5,14.2,0.6,0,09:40:06,18-02-2002
-0.21,35.3,34.75,34.72,34.46,35.23,35.23,34.96,35.3,34.82,34.82,34.68,34.84,34.88,34.46,35.3,35.23,34.04,34.41,34.29,33.95,33.89,35.16,34.85,35.49,35.46,35.49,,37,36.89,Male,21-25,Asian,23.5,14.1,0.65,0,10:29:18,18-02-2002
-0.25,35.63,35.4,35.33,34.98,35.79,35.62,35.79,35.86,35.37,35.37,35.15,35.4,35.5,35.07,35.86,35.79,34.38,34.27,34.07,34.18,33.99,34.67,34.46,35.86,35.53,35.58,,37.1,37.09,Male,18-20,Asian,23.7,13.3,0.67,0,11:13:56,18-02-2002
-0.08,35.39,35.48,34.66,35.12,35.58,35.11,35.58,35.58,35.47,35.47,35.25,35.48,35.12,35.15,35.91,35.82,34.9,34.9,34.87,35.1,34.52,35.18,35.18,36.34,36.33,36.34,,37.1,37.34,Female,26-30,White,23.8,13.4,0.62,1,11:36:08,18-02-2002
-0.3,35.36,35.1,34.27,34.58,35.35,35.35,35.28,35.36,35.07,35.07,34.9,35.1,35.2,34.76,35.36,35.35,34.39,34.42,34,34.38,34.08,35,35,35.36,34.95,34.96,,36.85,36.79,Male,21-25,Asian,24,13.1,0.6,0,11:56:25,18-02-2002
-0.26,35.08,35.29,33.31,34.17,35.29,35.14,35.29,35.32,35.39,35.38,35.38,35.41,34.92,34.75,35.41,35.39,34.32,34.42,34.13,33.99,34.29,35.13,34.79,35.41,35.38,35.41,,36.65,36.99,Female,18-20,White,23.7,11.6,0.6,0,13:40:12,18-02-2002
-0.21,34.85,35.29,33.16,34.28,34.98,34.92,34.98,34.99,35.24,35.24,34.89,35.29,34.1,34.35,35.29,35.24,33.82,34.53,34.19,33.6,33.94,34.83,34.74,36.04,35.96,36.04,,36.9,36.89,Female,21-25,White,24,11.3,0.6,0,14:26:36,18-02-2002
-0.18,34.38,34.72,33.04,34.28,34.39,34.34,34.39,34.4,34.69,34.69,34.57,34.72,34.08,34.47,34.72,34.69,33.25,33.55,33.37,33.12,33.32,34.43,33.91,34.95,34.93,34.95,,36.9,36.79,Female,21-25,Black or African-American,23.5,10.6,0.6,0,16:17:18,18-02-2002
0,35.33,35.71,34.47,34.83,35.31,35.29,35.29,35.34,35.75,35.71,35.74,35.77,35.03,35.32,35.77,35.75,34.16,34.8,34.6,34.12,35.02,35.65,35.38,36.11,36.06,36.11,,37.35,37.39,Female,18-20,Black or African-American,23.7,14.3,0.6,1,10:14:23,18-02-2005
,,,,,,,,,,,,,,,,,,,,,,,,,,,,37.4,38.29,Male,18-20,White,24.2,14.5,0.6,0,11:00:26,18-02-2005
-0.28,34.47,34.53,33.48,33.95,34.63,34.54,34.63,34.65,34.5,34.47,34.5,34.53,34.21,34.44,34.65,34.62,33.52,33.26,33.63,33.2,33.87,34.72,34.09,34.72,34.68,34.7,,36.8,36.74,Female,18-20,Black or African-American,24.3,14.3,0.7,1,11:23:33,18-02-2005
-0.39,37.44,37.54,37,37.01,37.4,37.4,37.2,37.44,37.54,37.53,37.34,37.55,37.02,37.24,37.55,37.54,35.74,35.71,35.03,35.82,35.5,36.28,36.28,37.57,37.5,37.57,,38.15,38.84,Male,18-20,White,24.2,13.8,0.7,0,11:57:16,18-02-2005
,,,,,,,,,,,,,,,,,,,,,,,,,,,,36.8,37.29,Male,18-20,Asian,24,13.3,0.6,0,12:48:11,18-02-2005
-0.55,35.16,35.33,34.78,35.04,35.15,35.15,34.82,35.17,35.35,35.35,34.84,35.36,34.87,34.7,35.47,35.45,35.03,34.8,34.91,34.85,35.22,36.1,35.38,36.1,34.63,34.67,,36.45,36.59,Female,21-25,American Indian or Alaskan Native,24,13.3,0.6,1,14:00:02,18-02-2005
-0.26,37.01,37.3,36.72,37.02,37.12,37.12,37,37.13,37.26,37.26,36.97,37.3,36.88,36.78,37.3,37.26,35.76,35.54,35.21,35.06,35.77,36.78,36.7,37.3,37.26,37.27,,38.25,38.64,Female,21-25,Hispanic/Latino,24,13.5,0.6,1,14:19:28,18-02-2005
,,,,,,,,,,,,,,,,,,,,,,,,,,,,36.7,36.74,Male,21-25,Black or African-American,24,13.5,0.6,0,15:57:51,18-02-2005
-0.59,35.56,34.82,34.96,34.44,35.54,35.54,35.12,35.56,34.77,34.77,34.26,34.82,34.97,34,35.56,35.54,33.62,33.03,33.2,33.45,33.78,34.25,34.07,35.56,33.98,33.99,,36.45,36.59,Female,18-20,Hispanic/Latino,24,13.5,0.6,0,16:34:06,18-02-2005
,,,,,,,,,,,,,,,,,,,,,,,,,,,,36.8,36.89,Female,18-20,White,24,13.5,0.6,0,16:58:09,18-02-2005
-0.19,34.89,34.82,34.54,34.43,34.89,34.89,34.72,34.89,34.82,34.82,34.41,34.85,34.74,34.26,34.89,34.89,33.12,33.47,33.9,33.43,32.84,34.41,34.11,34.89,34.69,34.74,,36.8,36.79,Male,26-30,Asian,24,19.8,0.6,0,10:14:31,18-02-2007
-0.24,34.82,34.85,33.42,34.22,35.29,34.59,35.29,35.38,35.13,34.84,35.13,35.22,34.56,34.51,35.38,35.29,32.54,32.44,32.98,32.32,32.26,34.02,33.34,35.38,34.07,34.1,,36.35,36.49,Female,51-60,Black or African-American,24,20.1,0.6,1,11:01:50,18-02-2007
-0.35,37.47,37.44,37.03,37.08,37.46,37.46,37.37,37.47,37.5,37.43,37.5,37.51,37.36,37.38,37.51,37.5,35.17,35.22,34.32,35.58,34.75,36.32,35.73,37.51,37.11,37.12,,37.6,37.94,Male,18-20,White,24,20.1,0.6,0,11:42:11,18-02-2007
-0.5,35.45,35.43,35.16,35.03,35.43,35.43,34.83,35.45,35.41,35.41,35.12,35.43,34.93,35.12,35.45,35.44,34.3,34.12,34.21,33.83,34.68,35.61,34.84,35.61,35.32,35.34,,36.55,36.79,Female,18-20,Multiracial,24,20.1,0.6,1,12:20:33,18-02-2007
,,,,,,,,,,,,,,,,,,,,,,,,,,,,37.6,38.09,Male,18-20,White,24,20.1,0.6,0,12:44:06,18-02-2007
-0.57,34.48,34.91,31.82,33.65,35.24,34.65,35.24,35.25,34.99,34.99,34.75,35.01,34.34,33.76,35.27,35.25,34.3,34.6,34.43,34,34.33,35.19,34.75,35.27,34.95,35,,36.7,36.79,Female,21-25,White,24,22.9,0.6,1,13:32:01,18-02-2007
,,,,,,,,,,,,,,,,,,,,,,,,,,,,36.85,36.94,Female,21-25,White,24,22.9,0.6,0,14:52:36,18-02-2007
-0.28,35.45,35.19,34.6,34.56,35.48,35.47,35.45,35.49,35.27,35.18,35.27,35.28,34.9,34.75,35.49,35.48,34.39,34.84,34.6,34.04,34.93,35.68,35.39,35.96,35.68,35.69,,36.9,36.94,Female,18-20,White,24,22.9,0.6,0,15:20:19,18-02-2007
-0.4,36.6,36.63,35.7,35.84,36.54,36.54,36.44,36.6,36.55,36.55,36.31,36.63,36.15,35.87,36.63,36.59,35.23,35.53,35.53,35.26,35.4,36.09,35.88,36.68,36.61,36.68,,37.45,37.54,Female,18-20,White,24,25.8,0.6,0,16:02:20,18-02-2007
-0.18,35.65,35.65,35.31,34.68,35.63,35.63,35.37,35.65,35.85,35.85,35.15,35.94,34.98,34.39,35.94,35.85,34.66,34.71,35.02,34.63,34.99,35.63,35.28,35.94,35.83,35.86,,36.8,36.94,Female,18-20,White,24.3,13.9,0.58,1,10:05:10,18-02-2008
-0.26,35.31,35.36,34.89,34.75,35.31,35.31,34.89,35.31,35.34,35.34,35.28,35.36,34.85,35.09,35.36,35.34,34.43,34.68,34.73,34.5,33.73,35.01,35,35.7,35.64,35.65,,37.05,36.89,Female,18-20,White,24.4,13.5,0.6,0,10:25:34,18-02-2008
-0.37,35.46,35.4,35.2,35.11,35.48,35.44,35.48,35.51,35.39,35.39,35.32,35.4,34.78,34.61,36.04,36,34.76,34.76,34.53,34.81,34.57,35.62,35.04,36.14,35.82,35.86,,37.2,37.14,Female,21-25,Asian,24.4,14.7,0.63,1,11:18:24,18-02-2008
,,,,,,,,,,,,,,,,,,,,,,,,,,,,38,37.79,Male,21-25,Multiracial,22,30,0.6,0,14:57:25,18-02-2008
-0.28,37.13,37.32,36.65,36.88,37.1,37.1,36.88,37.13,37.34,37.34,36.86,37.37,36.77,36.68,37.37,37.34,35.22,35.37,34.67,35.21,35.23,36.19,35.77,37.37,36.9,36.92,,37.5,38.14,Male,18-20,White,22,30,0.6,0,15:12:04,18-02-2008
-0.14,37.41,37.66,37.16,37.47,37.47,37.42,37.47,37.52,37.64,37.64,37.46,37.66,37.31,37.3,37.66,37.64,36.47,36.44,36.77,36.38,36.61,37.65,36.82,37.66,36.77,36.8,,37.85,38.39,Male,18-20,Black or African-American,22,30,0.6,0,15:26:47,18-02-2008
-0.47,35.57,35.19,35.17,34.84,35.56,35.56,35.13,35.57,35.21,35.21,35.13,35.23,34.85,34.72,35.57,35.56,34.55,34.78,34.61,34.54,34.67,35.52,35.23,36.1,36.04,36.1,,36.8,36.74,Female,18-20,Asian,22,30,0.6,0,15:42:33,18-02-2008
0.16,36.28,36.25,35.72,35.96,36.28,36.28,35.52,36.31,36.22,36.22,35.72,36.25,35.19,35.59,36.31,36.29,35.58,34.97,35.19,35.44,35.19,36.3,35.67,36.53,36.5,36.53,,37.4,37.69,Female,18-20,White,24.1,15.6,0.62,0,10:04:12,18-02-2009
-0.5,37.84,36.95,37.27,35.99,37.85,37.85,37.83,37.87,37.24,36.93,37.24,37.31,37.63,36.73,37.87,37.85,36.96,36.62,36.54,36.64,35.45,37.73,37.04,37.87,37.49,37.51,,39.05,39.34,Male,18-20,Asian,24.1,15.6,0.62,0,10:41:23,18-02-2009
-0.43,35.33,35.68,35.03,34.97,35.5,35.5,34.96,35.55,35.69,35.69,35.06,35.72,34.78,34.85,35.72,35.69,33.45,33.24,33.31,33.57,33.68,34.73,34.17,36.03,35.74,35.81,,37,36.99,Male,21-25,Asian,24.1,15.6,0.66,0,11:13:08,18-02-2009
-0.42,34.54,34.51,34.07,33.98,34.53,34.53,34.3,34.56,34.46,34.46,34.11,34.51,34.22,34.18,34.67,34.61,33.28,34.15,33.72,33.21,32.95,34.35,34.35,35.39,35.27,35.32,,36.8,36.84,Male,41-50,White,24.1,18,0.6,0,13:20:29,18-02-2009
,,,,,,,,,,,,,,,,,,,,,,,,,,,,37.35,37.39,Female,21-25,White,24.1,18.5,0.6,1,13:41:44,18-02-2009
-0.41,35.73,35.95,35.33,35.65,35.72,35.71,35.68,35.73,35.94,35.94,35.57,35.95,35.34,35.59,35.95,35.94,34.82,34.24,34.42,34.41,34.68,35.46,35.15,36.31,36.29,36.31,,36.95,37.14,Male,51-60,Multiracial,24.3,18.8,0.6,0,13:58:03,18-02-2009
-0.64,35.72,35.56,34.39,34.22,35.65,35.64,35.5,35.72,35.6,35.53,35.6,35.67,35.56,35.31,35.72,35.66,33.46,33.88,33.27,33.05,33.58,35.05,34.29,35.72,35.3,35.35,,36.85,36.89,Female,21-25,White,24.2,18.1,0.6,1,14:23:50,18-02-2009
,,,,,,,,,,,,,,,,,,,,,,,,,,,,36.8,36.69,Male,21-25,White,24,19.4,0.7,1,15:17:34,18-02-2009
-0.37,35.63,35.62,35.1,35.05,35.6,35.6,35.19,35.63,35.6,35.6,34.63,35.62,35.32,34.24,35.63,35.62,33.6,33.32,33.5,33.5,33.71,34.79,34.06,35.87,35.85,35.87,,36.85,36.89,Female,18-20,Hispanic/Latino,24,19.8,0.7,0,15:52:47,18-02-2009
-0.66,35,35.27,34.3,34.76,35.28,34.94,35.28,35.34,35.41,35.41,35.23,35.49,34.89,34.52,35.49,35.41,32.99,33.78,33.09,33.29,32.66,34.44,34.16,35.49,34.73,34.75,,36.85,36.84,Male,26-30,Asian,24,19.8,0.7,0,16:16:00,18-02-2009
-0.27,37.17,37.43,36.59,36.92,37.12,37.12,36.97,37.17,37.44,37.44,36.62,37.47,36.93,36.21,37.47,37.44,35.93,35.91,35.4,35.64,35.92,36.52,36.33,37.47,36.74,36.8,,37,37.89,Male,18-20,White,24.1,20.3,0.7,0,16:41:57,18-02-2009
0.34,35.71,35.92,34.75,35.57,36.4,35.66,36.4,36.42,35.92,35.92,35.45,35.92,35.51,35.47,36.42,36.4,34.51,34.6,34.47,34.68,34.19,35.32,35.28,36.52,36.5,36.52,,37.5,37.89,Female,21-25,White,23.9,30.4,0.6,1,09:46:32,18-02-2012
-0.22,36.06,36.2,35.7,35.84,36.05,36.05,35.71,36.06,36.17,36.17,35.77,36.2,35.82,35.71,36.2,36.17,34.55,34.28,34.27,34.29,34.63,35.36,35.06,36.2,35.97,36.03,,37.05,37.24,Male,21-25,White,23.8,28.5,0.6,0,10:21:12,18-02-2012
-0.32,36.52,36.52,36,35.97,36.48,36.44,36.46,36.52,36.52,36.52,36.34,36.53,36.17,35.83,36.53,36.52,35.3,35.14,35.25,34.88,35.07,36.02,35.64,37.15,37.1,37.15,,37.25,37.79,Male,21-25,Hispanic/Latino,24.2,28.6,0.6,0,10:34:38,18-02-2012
-0.42,35.21,35.32,34.54,35.08,35.22,35.21,35.19,35.24,35.31,35.31,35.14,35.32,35.09,35.05,35.32,35.31,34.13,34.83,34.95,33.85,33.78,35.68,35.03,35.71,35.64,35.71,,36.7,36.49,Male,18-20,White,24.2,27.1,0.6,0,11:05:24,18-02-2012
-0.29,35.08,35.29,32.47,33.24,35.16,35.08,35.16,35.19,35.34,35.3,35.33,35.36,34.72,35.12,35.36,35.34,32.79,33.25,33.71,32.7,32.84,34.33,34,35.36,35.02,35.03,,36.45,36.09,Female,51-60,White,24.3,27.3,0.6,0,11:24:08,18-02-2012
-0.5,34.98,35.15,33.99,34.7,34.97,34.97,34.93,35,35.1,35.1,34.91,35.15,34.58,34.75,35.15,35.13,33.93,34.38,34.47,33.61,34.1,35.22,34.66,35.91,35.88,35.91,,37.1,36.99,Female,21-25,Black or African-American,24,21.4,0.6,1,13:54:27,18-02-2012
-0.38,35.95,35.65,35.44,35.33,35.97,35.96,35.93,35.98,35.65,35.65,35.22,35.67,35.72,35.02,35.98,35.96,34.28,34.18,34.56,34.34,34.51,35.45,34.81,35.98,35.31,35.34,,37.15,37.19,Female,18-20,Hispanic/Latino,24,21.4,0.6,0,14:16:43,18-02-2012
-0.42,34.91,34.87,34.45,34.37,34.92,34.92,34.41,34.94,34.88,34.88,34.15,34.89,34.15,33.74,34.94,34.92,33.28,33.47,33.67,33.26,33.17,34.3,34.1,34.94,34.35,34.38,,36.75,36.79,Male,21-25,Black or African-American,24,19.6,0.6,0,15:09:28,18-02-2012
-0.42,36.74,36.63,35.95,36.17,36.75,36.75,36.72,36.77,36.63,36.63,36.23,36.65,36.66,36.01,36.77,36.75,34.36,33.2,33.64,33.74,34.8,35.47,34.93,36.86,36.81,36.86,,37.25,37.39,Female,18-20,White,24.2,19.7,0.6,0,16:01:19,18-02-2012
-0.4,37.91,37.47,36.91,37.18,37.87,37.87,37.79,37.91,37.5,37.5,37.09,37.57,37.7,37,37.91,37.87,36.02,36.12,35.5,36.18,36.16,37.44,36.63,37.91,36.83,36.86,,38.45,38.74,Female,18-20,White,22,19.5,0.6,0,16:44:18,18-02-2012
0.39,35.24,35.44,34.21,35.14,35.26,35.25,35.24,35.26,35.43,35.43,34.93,35.44,34.81,34.86,35.44,35.43,34.82,34.31,34.14,34.68,34.86,35.3,35,35.56,35.52,35.56,,37.2,37.09,Male,18-20,White,24.1,15.9,0.57,0,09:44:26,18-02-2013
0.07,35.28,35.24,35.03,35.01,35.24,35.24,35.21,35.28,35.28,35.28,35.12,35.28,34.87,34.85,35.29,35.28,34.5,34.48,34.56,34.36,34.06,35.69,35.09,35.69,35.65,35.67,,37,36.54,Male,26-30,Asian,24.3,14.6,0.6,0,10:06:44,18-02-2013
-0.23,35.51,35.58,35.11,35.37,35.61,35.47,35.61,35.63,35.56,35.56,35.22,35.58,35.43,35.22,35.63,35.61,34.23,34.48,34.07,34.2,34.33,34.66,34.66,35.63,35.18,35.2,,36.85,36.89,Female,21-25,White,24.1,14.6,0.6,1,10:30:31,18-02-2013
-0.42,35.28,35.16,34.74,34.63,35.45,35.17,35.45,35.52,35.3,35.07,35.3,35.3,35.16,35.06,35.52,35.45,34.15,34.16,34.19,34.01,34.65,35.19,34.74,35.52,35.4,35.46,,36.95,36.74,Female,26-30,Asian,24.2,14.6,0.54,1,10:53:51,18-02-2013
-0.29,35.59,35.59,34.29,34.82,35.57,35.56,35.53,35.59,35.69,35.56,35.69,35.72,35.26,35.48,35.72,35.69,34.68,34.86,34.76,34.41,34.99,35.91,35.38,36.01,35.98,36.01,,37,37.09,Female,26-30,White,24.2,14.5,0.56,1,11:15:45,18-02-2013
-0.26,36.28,36.39,35.4,36.13,36.26,36.26,36.2,36.28,36.36,36.36,36.31,36.39,36.19,36.11,36.39,36.36,33.77,33.61,33.56,33.15,34.29,35.81,34.93,36.46,36.41,36.46,,37.4,37.64,Female,18-20,White,24.3,14.9,0.6,1,11:32:41,18-02-2013
-0.33,35.07,35.15,34.73,34.96,35.49,35.04,35.49,35.52,35.5,35.15,35.5,35.51,34.97,35.13,35.67,35.63,34.64,34.71,34.78,34.68,35.07,35.5,35.43,35.92,35.69,35.7,,37.2,37.34,Female,21-25,Multiracial,23.9,14.3,0.63,0,12:09:23,18-02-2013
,,,,,,,,,,,,,,,,,,,,,,,,,,,,36.85,36.74,Male,21-25,Asian,24.5,15.1,0.66,0,12:30:09,18-02-2013
0.19,35.82,35.85,34.99,35.44,35.82,35.75,35.82,35.87,35.81,35.81,35.56,35.85,35.68,35.66,35.87,35.84,34.22,34.36,34.71,34.42,34.32,35.13,35.13,36.22,36.22,36.22,,37.25,37.24,Female,41-50,Black or African-American,23.3,24.1,0.65,0,09:59:28,18-02-2014
-0.36,36.76,36.52,36.12,36.03,36.74,36.73,36.72,36.76,36.51,36.51,36.49,36.52,36.69,36.45,36.76,36.74,34.35,35.46,34.69,34.35,34.74,36.2,35.6,36.76,36.58,36.62,,36.95,37.14,Male,18-20,White,23.3,23.4,0.65,0,10:57:30,18-02-2014
-0.28,34.91,35.09,34.44,34.77,34.93,34.93,34.78,35,35.06,35.06,34.93,35.09,34.7,34.97,35.28,35.26,34.39,34.39,34.49,34.02,34.84,35.5,34.94,35.5,35.08,35.13,,36.6,36.74,Male,21-25,Asian,23.3,23.4,0.65,0,11:05:54,18-02-2014
-0.16,35.8,35.98,35.25,35.57,35.78,35.78,35.72,35.8,36.19,35.96,36.19,36.26,35.67,35.91,36.26,36.19,35.24,35.28,34.97,35.24,35.37,35.93,35.83,36.26,35.55,35.6,,36.75,36.94,Female,18-20,White,23.8,24.4,0.65,1,11:44:41,18-02-2014
-0.33,35.78,35.79,35.19,35.26,35.74,35.74,35.59,35.78,35.89,35.78,35.89,35.97,35.4,35.52,35.96,35.89,34.69,34.56,33.4,34.57,34.17,35.34,35.34,35.97,35.4,35.42,,36.85,36.89,Female,21-25,Asian,24,24.6,0.6,0,12:18:06,18-02-2014
-0.3,35.02,34.87,34.2,34.18,35.02,35.01,34.96,35.06,35.02,35.02,34.84,35.06,34.97,34.67,35.09,35.06,34.86,34.83,34.93,34.63,34.42,35.25,35.03,35.34,35.25,35.25,,36.95,37.04,Female,31-40,Asian,24,24.6,0.6,1,13:08:38,18-02-2014
-0.6,36.27,36.29,35.43,35.94,36.23,36.23,36.12,36.27,36.29,36.29,36.06,36.29,36.01,35.05,36.29,36.29,34.93,35.14,34.83,34.67,35.17,35.77,35.37,36.29,35.53,35.56,,36.9,36.94,Female,21-25,Asian,24,24.6,0.6,1,13:36:20,18-02-2014
-0.46,36.64,36.69,34.27,34.33,36.82,36.55,36.82,36.84,36.84,36.68,36.84,36.86,36.52,36.41,36.86,36.84,34.94,34.84,34.76,35.33,35.18,35.84,35.68,36.86,35.71,35.74,,37,37.74,Female,21-25,Asian,24,24.6,0.6,1,14:00:58,18-02-2014
-0.97,35.58,36.16,34.61,35.84,35.73,35.66,35.72,35.76,36.16,36.16,35.7,36.19,35.29,35.77,36.19,36.16,34.93,34.71,34.58,34.91,34.85,35.3,35.3,36.19,36.14,36.19,,36.9,36.99,Male,21-25,White,24.3,28.5,0.6,0,15:08:47,18-02-2014
-0.22,36.98,36.75,35.6,36.17,37.01,37.01,36.8,37.05,36.78,36.78,36.42,36.82,36.55,35.87,37.05,37.01,35.76,35.98,35.36,36.06,35.47,36.72,36.49,37.05,36.96,36.99,,37.5,38.14,Male,18-20,White,24.3,28.5,0.6,0,15:28:08,18-02-2014
-0.33,35.31,35.34,33.28,35.05,35.25,35.13,35.25,35.31,35.53,35.53,34.87,35.6,35.14,34.8,35.6,35.53,33.95,34.28,33.73,33.79,33.97,34.46,34.09,35.6,35.09,35.1,,36.8,36.94,Female,18-20,White,24.1,28.4,0.65,1,15:55:16,18-02-2014
-0.12,37.06,37.26,36.64,36.76,37.11,37.04,37.11,37.12,37.28,37.25,37.28,37.32,36.96,37.22,37.32,37.28,35.8,35.97,35.97,35.91,35.55,36.31,36.31,37.32,36.73,36.75,,37.15,38.49,Male,18-20,White,24.1,28.4,0.65,0,16:02:58,18-02-2014
0.32,35.41,35.87,32.97,35.41,35.58,35.37,35.58,35.62,35.85,35.85,35.58,35.87,35.1,35.25,35.87,35.85,34.21,34.61,34.22,34.48,34.02,34.99,34.76,35.87,35.54,35.59,,36.9,36.69,Male,21-30,Asian,24.1,40.3,0.6,0,09:41:47,18-02-2015
-0.01,37.19,37.88,36.91,37.55,37.17,37.17,37.1,37.19,37.86,37.86,37.51,37.88,37.06,37.27,37.88,37.86,35.6,35.84,35.91,35.88,36.6,37.23,36.74,37.88,37.44,37.45,,38.15,38.69,Male,18-20,Black or African-American,24.1,41.3,0.6,0,10:01:12,18-02-2015
-0.22,36.88,36.37,35.9,35.39,36.83,36.83,36.7,36.89,36.43,36.4,36.38,36.46,36.61,36.03,36.88,36.83,34.65,34.75,34.73,34.76,34.22,36.39,35.27,36.97,36.94,36.97,,38.45,38.54,Male,21-25,Black or African-American,24.1,41.3,0.6,0,10:17:53,18-02-2015
-0.44,35.51,35.31,34.64,34.9,35.46,35.46,35.34,35.51,35.26,35.26,35.04,35.31,34.79,34.75,35.51,35.46,34.26,34.43,34.03,34.01,34.62,35.05,34.73,36.37,36.3,36.37,,37.2,37.19,Female,18-20,White,24,44.9,0.56,0,12:10:45,18-02-2015
,,,,,,,,,,,,,,,,,,,,,,,,,,,,37.6,37.39,Female,18-20,Asian,24,44.9,0.56,0,13:04:08,18-02-2015
-0.43,35.81,35.94,34.84,35.53,35.92,35.82,35.92,35.95,36.03,36.03,35.47,36.03,35.52,35.36,36.03,36.03,33.59,33.66,32.56,33.37,34.2,34.75,34.33,36.11,36.09,36.11,,37.05,37.04,Male,21-25,White,24,44.9,0.56,0,13:45:02,18-02-2015
-0.41,36.08,35.97,35.48,35.53,36.12,36.05,36.12,36.13,35.97,35.97,35.96,35.99,36.03,35.67,36.13,36.11,35.33,34.99,35.17,35.38,35.09,35.66,35.54,36.13,36.11,36.13,,37.35,37.24,Male,21-25,Asian,24,44.9,0.56,0,13:58:47,18-02-2015
-0.39,35.45,35.38,35.13,34.95,35.52,35.52,35.21,35.56,35.49,35.49,35.15,35.56,34.79,34.65,35.73,35.66,34.79,34.9,35.11,34.56,34.98,35.56,35.16,35.96,35.73,35.78,,37,36.89,Female,18-20,Asian,24,44.9,0.56,0,15:06:26,18-02-2015
-0.44,36.23,36.63,35.28,35.94,36.57,36.43,36.57,36.6,36.64,36.64,36.47,36.66,36.04,35.96,36.66,36.64,35.62,36.09,35.06,35.57,35.59,36.47,36.3,37.12,37.06,37.12,,37.6,37.79,Female,18-20,White,24,44.9,0.56,0,15:20:39,18-02-2015
-0.36,37.61,37.7,36.58,37.07,37.61,37.58,37.57,37.61,37.66,37.66,37.62,37.7,37.53,37.57,37.7,37.66,36.41,36.46,36.62,36.51,36.68,37.35,36.96,38.46,38.44,38.46,,38.9,39.14,Male,21-25,Asian,24,44.9,0.56,0,15:34:36,18-02-2015
0.02,35.42,35.38,35.07,35.05,35.37,35.37,35.25,35.42,35.37,35.37,35.25,35.38,35.27,35.28,35.42,35.39,34.79,34.57,34.48,34.55,34.77,35.11,35.11,35.42,35.2,35.25,,36.75,36.49,Male,21-25,Asian,25,51.8,0.72,1,09:44:11,18-02-2016
-0.22,35.59,35.61,35.34,35.26,35.6,35.58,35.6,35.62,35.6,35.6,35.04,35.63,35.5,34.85,36.07,35.99,34.45,34.78,34.57,34.79,34.67,35.93,35.1,36.13,35.76,35.77,,37.05,37.14,Female,21-25,Asian,25,49.6,0.6,0,10:08:17,18-02-2016
-0.51,35.35,35.58,34.62,34.72,35.42,35.33,35.42,35.43,35.76,35.57,35.76,35.79,35.27,35.5,35.82,35.78,34.25,33.88,34.33,34.15,33.95,34.75,34.75,36.35,36.33,36.35,,37.05,36.99,Male,18-20,White,24.5,51.3,0.67,1,11:30:55,18-02-2016
-0.21,36.24,35.89,35.87,35.6,36.21,36.21,36.09,36.24,36.11,36.11,35.65,36.13,36.09,35.55,36.24,36.21,34.8,34.73,34.3,34.82,34.77,35.58,35.06,36.24,35.77,35.81,,36.9,36.84,Male,18-20,Asian,25.2,48.5,0.6,0,12:17:21,18-02-2016
-0.19,36.51,36.94,36.02,36.48,36.47,36.47,36.39,36.51,36.88,36.88,36.24,36.94,36.27,36.24,36.94,36.88,35.73,35.59,35.37,35.75,35.49,35.87,35.87,37.12,37.06,37.12,,37,37.59,Male,21-25,White,25.1,49.2,0.6,0,13:05:03,18-02-2016
,,,,,,,,,,,,,,,,,,,,,,,,,,,,36.4,36.24,Female,21-25,Asian,25.3,49.2,0.6,1,13:21:45,18-02-2016
,,,,,,,,,,,,,,,,,,,,,,,,,,,,36.75,36.79,Male,21-25,Asian,25.2,43.8,0.6,0,14:29:19,18-02-2016
,,,,,,,,,,,,,,,,,,,,,,,,,,,,37,37.04,Female,18-20,White,24.9,41.9,0.6,0,14:54:50,18-02-2016
-0.44,34.53,35.23,31.62,34.16,35.47,34.44,35.47,35.52,35.23,35.09,35.23,35.27,34.07,35.09,35.52,35.47,34.54,34.12,34.13,34.03,34.96,35.2,35.11,35.52,35.2,35.25,,37.1,37.24,Female,18-20,White,24.9,40.4,0.6,0,15:09:47,18-02-2016
-0.38,37.42,37.72,36.59,37.37,37.38,37.38,37.24,37.42,37.71,37.71,37.59,37.72,37.12,37.45,37.72,37.71,35.99,35.98,36.26,36.19,35.91,36.79,36.44,37.72,37.47,37.49,,37.3,37.99,Male,21-25,White,25,40.3,0.7,0,15:26:41,18-02-2016
,,,,,,,,,,,,,,,,,,,,,,,,,,,,36.9,36.94,Female,18-20,Black or African-American,24.3,34.1,0.7,1,16:18:26,18-02-2016
-0.23,35.56,35.82,34.8,35.53,35.59,35.55,35.59,35.62,35.83,35.78,35.83,35.87,35.48,35.67,35.87,35.83,34.9,34.96,35.02,35.07,34.71,35.76,35.35,36.04,35.87,35.88,,36.85,37.34,Male,26-30,Asian,24.2,33.8,0.7,1,16:45:09,18-02-2016
-0.55,35.55,35.56,34.99,35.13,35.64,35.53,35.64,35.71,35.61,35.6,35.55,35.62,35.35,35.27,35.71,35.64,33.62,33.34,33.83,33.13,33.76,34.66,34.46,35.71,34.84,34.9,,36.7,36.34,Female,21-25,White,23.8,28.3,0.7,0,11:01:31,18-02-2019
-0.36,37.03,37.13,36.16,36.28,36.98,36.98,36.83,37.03,37.08,37.07,37.03,37.13,36.63,36.99,37.13,37.08,35.31,35.3,35.29,35.07,35.24,35.96,35.96,37.13,36.29,36.3,,36.85,37.74,Female,18-20,White,23.9,27.6,0.7,0,11:41:40,18-02-2019
-0.14,34.84,34.8,33.01,33.89,35.03,35.03,34.91,35.04,34.86,34.81,34.86,34.87,34.08,34.68,35.25,35.24,34.43,34.35,35.01,34.44,34.61,35.48,35.46,35.48,34.95,34.99,,36.8,36.64,Female,18-20,Asian,24,27.8,0.7,0,12:05:01,18-02-2019
-0.16,34.24,33.13,33.31,30.6,34.82,34.29,34.82,34.85,34.55,33.46,34.55,34.58,33.92,32.46,34.86,34.84,34.13,33.99,33.59,34.23,34.34,34.87,34.49,35.68,35,35.03,,37,37.09,Female,18-20,White,24,27.8,0.7,1,13:27:05,18-02-2019
-0.46,34.95,35.79,34.03,35.27,35.69,35.34,35.69,35.74,35.75,35.75,35.31,35.79,34.49,34.75,35.79,35.76,35.09,35.25,35.01,34.75,35.17,35.81,35.41,35.81,35.69,35.72,,37.05,37.14,Female,18-20,White,24,33.3,0.6,1,14:36:26,18-02-2019
-0.39,35.52,35.38,34.92,34.94,35.44,35.44,35.33,35.52,35.34,35.34,35.11,35.38,35.19,34.69,35.52,35.44,34.62,34.92,35.02,34.46,34.94,35.86,35.32,35.86,34.78,34.81,,36.65,36.69,Female,21-25,White,24,33.3,0.6,0,15:08:37,18-02-2019
-0.17,35.11,35.07,33.79,34.18,35.39,35.02,35.39,35.44,35.42,35.42,35.35,35.44,34.97,34.42,35.44,35.43,34.02,33.98,33.94,34.09,34.12,35.22,34.42,35.68,35.65,35.68,,36.9,37.04,Female,18-20,White,24.2,33.5,0.6,1,15:49:35,18-02-2019
0.22,35.4,35.48,35.01,34.85,35.37,35.36,35.29,35.4,35.44,35.44,35.37,35.48,35.31,35.2,35.48,35.44,34.06,34.21,34.3,33.89,34.69,34.97,34.85,35.5,35.5,35.5,,36.9,36.69,Male,18-20,White,24.7,45.2,0.6,0,09:42:40,18-02-2020
-0.51,35.81,35.5,35.51,35.19,35.77,35.77,35.62,35.81,35.54,35.54,35.41,35.59,35.52,35.28,35.81,35.77,34.72,34.64,34.81,34.79,34.8,35.16,35.12,35.82,35.56,35.59,,36.95,36.74,Male,21-25,Black or African-American,24.7,45.2,0.6,1,11:18:57,18-02-2020
-0.46,35.41,35.15,34.92,34.6,35.41,35.41,35.13,35.42,35.15,35.15,34.75,35.17,34.73,34.45,35.42,35.41,34.36,34.01,33.74,33.97,34.5,35.42,34.67,35.81,35.76,35.79,,36.8,36.59,Female,18-20,White,25.5,49,0.6,1,11:37:31,18-02-2020
-0.51,35.67,35.71,35.02,35.33,35.66,35.65,35.64,35.67,35.69,35.69,35.24,35.71,35.57,34.94,35.71,35.69,34.7,35.38,34.89,34.64,34.95,35.49,35.49,35.71,35.65,35.67,,37.1,37.09,Female,18-20,Multiracial,25.9,48.8,0.6,0,11:55:35,18-02-2020
-0.46,35.47,35.06,35.03,34.59,35.46,35.46,35.43,35.47,35.16,35.06,35.16,35.16,35.37,35,35.47,35.46,34.62,34.37,34.15,34.71,34.96,35.34,35.17,36.04,35.99,36.04,,36.95,36.99,Female,18-20,White,26.2,48.5,0.63,1,12:27:36,18-02-2020
-0.25,36.98,37.06,36.62,36.37,36.99,36.99,36.98,37.02,37.12,37.12,36.8,37.17,36.86,36.43,37.17,37.12,36.63,36.53,36.68,36.39,36.6,36.84,36.84,37.29,37.28,37.29,,37.9,38.24,Female,21-25,Hispanic/Latino,26.2,48.5,0.6,1,12:49:12,18-02-2020
-0.65,36.15,35.92,35.85,35.37,36.21,36.21,36.04,36.22,35.96,35.96,35.87,35.98,35.96,35.56,36.22,36.21,35.31,34.32,34.35,35.23,35.14,35.88,35.4,36.22,36.09,36.11,,37,36.99,Male,21-25,White,26.2,48.5,0.6,0,13:07:51,18-02-2020
-0.51,35.35,35.33,34.96,35.14,35.33,35.31,35.32,35.36,35.43,35.33,35.43,35.47,35,35.05,35.47,35.45,34.72,34.55,34.65,34.6,34.63,35.5,35.41,35.82,35.81,35.82,,36.6,37.04,Female,21-25,Asian,26.2,48.5,0.6,1,13:47:39,18-02-2020
-0.53,35.89,35.82,34.5,35.3,35.99,35.99,35.9,36.07,35.91,35.87,35.91,35.93,35.29,35.49,36.07,36.01,34.98,34.95,35.06,34.69,35.45,36.06,35.77,36.15,36.12,36.15,,36.8,36.89,Female,31-40,Asian,26.2,48.5,0.6,1,14:04:04,18-02-2020
-0.48,36.12,35.88,35.36,35.62,36.18,36.1,36.18,36.2,35.86,35.84,35.78,35.88,36.08,35.76,36.2,36.18,35.21,35.22,35.02,35.08,35.25,35.61,35.55,36.46,36.44,36.46,,37.25,37.19,Female,21-25,Hispanic/Latino,26.2,48.5,0.6,1,15:38:53,18-02-2020
-0.39,35.94,35.7,35.32,35.32,35.88,35.88,35.82,35.94,35.7,35.7,35.65,35.7,35.74,35.47,35.94,35.88,35.53,35.67,35.56,35.24,35.67,36.12,35.78,36.12,35.99,36.05,,37.05,36.84,Female,21-25,Asian,26.2,48.5,0.6,0,16:00:07,18-02-2020
0.39,36.37,36.25,35.78,35.9,36.45,36.27,36.45,36.47,36.35,36.23,36.35,36.38,36.14,36.21,36.53,36.49,35.09,34.86,35.2,35.07,35.33,36.36,35.56,36.53,35.73,35.75,,37.15,37.94,Male,21-25,Asian,26.3,55.2,0.6,0,09:48:13,18-02-2021
-0.05,35.77,35.66,35.39,35.32,35.81,35.71,35.81,35.82,35.76,35.76,35.2,35.8,35.71,34.99,35.82,35.81,34.68,34.5,34.72,34.69,34.67,35.11,34.83,35.84,35.29,35.32,,36.65,37.09,Female,18-20,Asian,26.3,55.2,0.6,0,10:20:42,18-02-2021
-0.35,36.48,35.55,36.16,34.96,36.47,36.47,35.99,36.47,35.99,35.99,35.53,36,35.88,35.16,36.48,36.47,35.41,34.44,34.99,34.74,35.38,35.92,35.73,36.7,36.69,36.7,,37.1,37.74,Female,21-25,White,26.3,55.2,0.6,0,10:29:10,18-02-2021
-0.48,35.8,36.13,35.46,35.81,35.83,35.78,35.83,35.86,36.09,36.09,35.8,36.13,35.71,35.69,36.13,36.09,34.8,34.48,34.28,34.79,35,35.7,35.05,36.64,36.61,36.64,,36.85,36.89,Female,21-25,White,26.8,53.7,0.6,1,13:18:13,18-02-2021
-0.55,35.6,35.42,34.48,34.83,35.67,35.62,35.66,35.68,35.4,35.4,35.35,35.42,35.49,35.32,35.79,35.78,33.45,33.61,33.42,33.08,33.97,34.29,34.19,36.23,36.22,36.23,,36.9,36.84,Female,26-30,White,28,53.7,0.6,0,14:20:10,18-02-2021
-0.73,35.95,36.13,34.84,35.55,36.13,36,36.13,36.18,36.24,36.23,36.23,36.25,35.7,35.99,36.31,36.26,35.26,35.27,35.46,35.34,35.1,35.94,35.89,36.31,36.21,36.23,,36.8,36.94,Female,18-20,White,28,53.7,0.6,1,14:51:47,18-02-2021
,,,,,,,,,,,,,,,,,,,,,,,,,,,,36.7,36.74,Male,18-20,Asian,28,53.7,0.6,0,15:18:03,18-02-2021
-1.92,36.16,36.34,35.51,35.86,36.57,36.57,36.46,36.6,36.54,36.54,36.2,36.61,35.74,35.7,36.65,36.61,35.64,35.93,35.9,35.64,35.94,36.24,36.24,36.65,36.39,36.43,,37,37.09,Female,18-20,White,28.5,49.2,0.6,1,16:06:09,18-02-2021
-0.53,38.82,38.41,38.42,38.16,38.8,38.8,38.68,38.82,38.5,38.43,38.5,38.51,38.58,38.35,38.82,38.8,37.3,37.13,37.28,37.41,37.44,38.5,37.69,38.82,38.27,38.28,,39.15,39.54,Male,21-25,White,28.6,49.2,0.6,0,16:28:51,18-02-2021
-0.36,38.12,37.64,37.76,36.66,38.08,38.08,37.75,38.12,37.62,37.61,37.61,37.64,37.67,37.46,38.12,38.08,36.81,36.48,36.28,36.58,37.04,37.67,37.15,38.12,37.75,37.81,,38.9,38.84,Male,18-20,Asian,26.4,29.1,0.62,0,10:42:28,18-02-2022
-0.31,35.47,35.64,34.73,34.91,35.97,35.66,35.97,35.98,35.95,35.86,35.95,35.98,34.98,35.06,36.02,36,35.21,35.18,35.23,35.09,35.05,35.49,35.48,36.43,36.39,36.43,,37.1,37.19,Female,18-20,White,26.3,29,0.56,1,11:11:33,18-02-2022
-0.2,36.26,36.36,36.03,36.13,36.26,36.26,36,36.26,36.5,36.5,36.07,36.53,35.89,35.55,36.53,36.5,35.53,35.68,35.77,35.32,35.79,36.2,35.95,36.53,36.18,36.21,,36.8,37.04,Male,18-20,Asian,25.9,30.7,0.6,0,12:45:14,18-02-2022
-0.08,36.72,37.05,36.05,36.67,36.69,36.67,36.66,36.72,37.01,37.01,36.49,37.05,36.55,36.49,37.05,37.01,35.27,35.2,34.91,34.83,35.43,36.23,35.73,37.05,36.95,37,,38.25,38.19,Female,21-25,White,22,30,0.6,1,15:04:45,18-02-2022
-0.3,37.05,36.89,36.79,36.53,37.21,37.21,37.19,37.24,37.02,37.02,36.83,37.05,36.87,36.15,37.24,37.21,35.66,35.79,35.58,35.66,35.86,36.73,36.04,37.24,36.3,36.32,,37.85,38.04,Female,21-25,Black or African-American,24.4,31.3,0.58,0,11:20:05,18-02-2023
-0.64,35.82,35.88,34.43,34.69,35.81,35.81,35.67,35.82,35.93,35.93,35.73,35.97,35.52,35.25,35.97,35.93,34.9,34.9,34.95,34.8,34.85,35.67,35.17,35.97,35.36,35.39,,36.9,36.99,Female,18-20,Black or African-American,24.4,32.4,0.65,1,13:02:08,18-02-2023
-0.27,35.13,35.52,33.38,34.77,35.8,35.09,35.8,35.82,35.76,35.63,35.76,35.83,34.93,35.02,35.83,35.82,34.67,35.12,34.81,34.47,33.76,35.35,35.35,35.83,35.42,35.46,,36.8,36.59,Male,18-20,Multiracial,24.4,31.9,0.65,0,13:31:27,18-02-2023
-0.52,35.07,35.26,34.1,34.45,35.28,35.28,35.16,35.3,35.44,35.41,35.43,35.47,34.65,34.81,35.47,35.44,34.37,34.22,34.41,34.44,33.95,34.91,34.66,35.51,35.17,35.18,,36.8,36.64,Male,21-25,Black or African-American,24.5,31.7,0.7,0,14:18:29,18-02-2023
-0.33,36.01,36.07,35.65,35.75,35.98,35.98,35.79,36.01,36.04,36.04,35.95,36.07,35.86,35.77,36.07,36.04,35.2,35.2,35.25,35.05,34.84,35.69,35.53,36.3,36.29,36.3,,36.85,37.04,Male,21-25,White,24.5,31.8,0.7,0,14:40:44,18-02-2023
,,,,,,,,,,,,,,,,,,,,,,,,,,,,37.75,37.94,Male,31-40,White,24.5,31.8,0.7,0,15:00:26,18-02-2023
,,,,,,,,,,,,,,,,,,,,,,,,,,,,36.95,37.54,Female,21-25,White,24.5,31.8,0.7,0,15:26:14,18-02-2023
-0.31,35.54,35.83,34.47,35.3,35.52,35.52,35.4,35.54,35.84,35.81,35.81,35.87,34.96,35.7,35.87,35.84,34.69,34.53,34.52,34.48,34.65,35.73,35.3,35.87,35.46,35.5,,36.65,36.64,Male,18-20,White,24.3,33,0.7,1,16:04:28,18-02-2023
-0.51,35.17,35.35,34.85,34.79,35.18,35.18,35.12,35.19,35.3,35.3,35.17,35.36,34.89,34.97,35.35,35.3,34.27,34.55,34.28,34.24,30.59,35.31,34.98,35.73,35.68,35.73,,36.8,36.64,Male,21-25,Asian,24.2,32.9,0.7,0,16:39:32,18-02-2023
0.02,34.28,33.94,32.41,32.96,34.51,34.07,34.51,34.57,33.96,33.91,33.96,33.98,33.89,33.68,34.56,34.51,32.69,32.47,32.4,32.31,32.96,34.24,33.22,35.54,35.5,35.54,,36.95,36.79,Female,>60,Black or African-American,24.4,26.1,0.7,1,10:12:51,18-02-2026
-0.2,36.67,36.92,36.33,36.49,36.73,36.73,36.04,36.76,36.91,36.91,36.25,36.92,35.93,36.19,36.92,36.91,35.63,35.76,36.22,35.96,36.06,36.92,36.46,37.33,36.97,37,,38.9,38.49,Male,21-25,Black or African-American,24.5,24.9,0.7,0,10:36:36,18-02-2026
-0.45,35.56,35.39,35.08,35.07,35.54,35.54,34.91,35.56,35.43,35.43,34.93,35.45,34.74,34.7,35.87,35.81,35.04,34.23,34.59,34.93,35.01,35.73,35.3,35.99,35.72,35.75,,36.8,36.89,Female,18-20,Asian,24.6,24.8,0.7,1,10:55:29,18-02-2026
-0.31,35.86,35.69,35.71,35.31,36.23,35.84,36.23,36.25,35.93,35.64,35.93,35.94,35.76,35.58,36.25,36.23,35.05,35.24,34.76,34.93,34.95,35.94,35.38,36.69,36.13,36.14,,36.9,37.19,Female,21-25,Asian,24.6,24.4,0.7,1,11:26:26,18-02-2026
,,,,,,,,,,,,,,,,,,,,,,,,,,,,36.65,36.59,Male,26-30,White,24.5,24.7,0.7,0,11:58:22,18-02-2026
-0.3,35.87,35.73,35.43,35.33,35.87,35.87,35.71,35.87,35.85,35.85,35.24,35.88,35.63,35.19,35.88,35.87,34.95,35.13,34.75,35.04,35.3,35.9,35.44,35.95,35.91,35.95,,36.8,36.94,Female,18-20,White,24.6,24.9,0.7,0,12:40:03,18-02-2026
-0.28,36.22,36.01,35.58,35.31,36.22,36.21,36.17,36.27,36.08,36.07,36.07,36.09,36.14,35.59,36.27,36.22,34.93,34.87,34.91,34.69,35.26,36.06,35.61,36.27,35.66,35.68,,36.85,36.79,Female,18-20,White,24.6,25.5,0.6,0,13:22:22,18-02-2026
-0.22,34.8,34.75,33.1,33.26,35.1,34.63,35.1,35.14,34.98,34.75,34.98,35.01,34.56,34.54,35.13,35.1,33.57,33.55,34.25,33.24,34.18,35.31,34.76,35.93,35.92,35.93,,37,37.04,Female,21-25,Asian,24.6,25.5,0.6,1,13:46:18,18-02-2026
-0.3,35.55,35.81,34.74,35.4,35.74,35.74,35.65,35.81,35.78,35.78,35.42,35.81,35.42,35.17,35.81,35.79,35.02,34.95,34.89,35.01,34.9,35.58,35.58,35.81,35.38,35.41,,36.95,36.89,Female,21-25,White,24.4,23.2,0.6,0,14:27:02,18-02-2026
,,,,,,,,,,,,,,,,,,,,,,,,,,,,36.9,36.89,Female,18-20,White,24.5,23.1,0.6,1,14:48:31,18-02-2026
-0.56,36.7,36.62,36.34,36.13,36.67,36.67,36.44,36.7,36.7,36.7,36.65,36.72,36.14,36.45,36.72,36.7,35.56,35.53,35.43,35.38,35.4,36.19,35.83,36.72,36.21,36.24,,36.85,37.59,Male,18-20,White,24.5,23.1,0.6,0,14:56:13,18-02-2026
0.01,35.4,35.75,33.63,34.21,35.57,35.33,35.57,35.6,35.83,35.82,35.77,35.87,35.07,34.93,35.87,35.83,33.68,33.09,33.46,33.15,34.27,34.96,34.44,35.87,34.35,34.39,,36.75,36.54,Male,18-20,Asian,24.2,16.6,0.6,0,12:28:06,18-02-2027
-0.43,35.37,35.06,34.29,34.58,35.45,35.43,35.45,35.45,35.06,35.06,35.05,35.07,34.69,34.9,35.45,35.45,33.95,34.82,34.17,34.04,34.24,35.12,34.97,35.67,35.61,35.67,,36.9,36.69,Female,18-20,White,24.9,15.4,0.63,0,13:09:12,18-02-2027
-0.51,35.18,35.28,34.92,35.03,35.27,35.25,35.22,35.29,35.27,35.27,35.07,35.28,34.95,34.71,35.29,35.28,34.18,34.17,34.37,34.31,34.09,35.04,34.5,35.88,35.87,35.88,,36.9,36.69,Male,18-20,Black or African-American,25.4,15,0.62,1,14:22:48,18-02-2027
-0.45,35.64,35.54,35.36,35.3,35.59,35.59,35.29,35.64,35.61,35.61,35.19,35.64,35.31,35.14,35.64,35.62,34.05,33.95,34.14,33.78,34.17,34.63,34.38,35.64,35.3,35.35,,37,36.89,Female,21-25,Asian,25.4,15.2,0.61,0,14:40:30,18-02-2027
-0.2,34.92,36.14,34,35.18,35.29,34.84,35.29,35.32,36.13,36.11,36.13,36.14,34.71,35.97,36.14,36.13,32.76,33.25,32.73,32.78,32.64,33.74,33.63,36.29,36.26,36.29,,37.55,37.69,Male,18-20,White,25.4,15.2,0.61,0,16:37:21,18-02-2027
0.01,35.27,35.29,34.97,34.86,35.25,35.25,34.96,35.27,35.26,35.26,34.97,35.29,34.93,34.96,35.29,35.27,34.09,34.28,34.55,33.94,34.64,35.19,35.17,35.92,35.89,35.92,,36.95,37.09,Female,18-20,Hispanic/Latino,23.8,23.8,0.6,1,10:16:45,18-02-2028
-0.12,35.23,35.32,33.97,34.72,35.2,35.15,35.18,35.23,35.3,35.29,35.25,35.32,34.91,35.13,35.32,35.3,33.94,33.93,33.87,33.69,34.25,34.64,34.64,35.32,34.81,34.84,,36.75,36.79,Female,18-20,White,23.8,23.8,0.6,0,10:53:24,18-02-2028
-1.38,36.15,35.7,35.54,35.19,36.13,36.09,36.12,36.15,35.79,35.79,35.56,35.84,36.04,35.32,36.15,36.13,34.61,34.26,33.15,34.47,33.4,34.86,34.86,36.15,35.58,35.58,,37.55,37.64,Male,18-20,Multiracial,23.8,23.8,0.6,0,11:42:13,18-02-2028
-0.42,35.85,36.17,35.54,35.81,35.96,35.96,35.29,35.96,36.18,36.18,36.06,36.2,35.33,35.79,36.2,36.18,34.41,34.05,34.57,34.43,34.66,35.17,34.98,36.2,35.5,35.52,,36.85,36.79,Female,21-25,White,23.8,23.8,0.6,0,12:05:18,18-02-2028
-0.3,35.16,35.01,33.99,34.06,35.1,35.1,35.07,35.16,35.42,35.42,35.31,35.45,34.72,34.54,35.45,35.42,34.46,34.35,34.51,34.21,34.66,35.23,34.98,35.45,34.58,34.63,,37,36.89,Female,18-20,Hispanic/Latino,24.2,23.4,0.6,0,12:56:41,18-02-2028
,,,,,,,,,,,,,,,,,,,,,,,,,,,,36.6,36.79,Female,18-20,Black or African-American,25,23.3,0.6,1,14:08:54,18-02-2028
-0.44,35.12,35.19,34.78,34.94,35.25,35.12,35.25,35.27,35.2,35.19,35.19,35.2,35.08,35.16,35.4,35.38,34.42,34.48,34.59,34.46,34.55,35.27,34.89,35.54,35.23,35.24,,37.1,37.34,Female,18-20,Black or African-American,25.3,22.9,0.6,0,15:00:24,18-02-2028
-0.4,36.77,36.78,35.78,35.97,37.05,36.95,37.05,37.09,37.01,36.99,36.97,37.04,36.42,36.22,37.09,37.05,35.82,36.07,35.71,35.53,36.12,36.9,36.52,37.09,35.82,35.89,,37.35,38.19,Female,18-20,Asian,25.3,22.9,0.6,0,15:21:49,18-02-2028
,,,,,,,,,,,,,,,,,,,,,,,,,,,,37.2,37.94,Male,18-20,White,25.3,22.9,0.6,0,15:49:36,18-02-2028
-0.58,34.53,34.67,32.07,33.72,34.51,34.51,34.4,34.53,34.66,34.66,34.44,34.67,34.27,34.32,34.67,34.66,34.41,33.79,33.45,33.91,34.54,34.68,34.68,35.19,35.16,35.19,,36.6,36.79,Male,18-20,Asian,25.3,22.9,0.6,0,16:31:37,18-02-2028
-0.35,38.06,37.36,37.21,36.95,38.04,38.04,38,38.06,37.34,37.34,37.03,37.36,37.96,36.63,38.06,38.04,35.94,36.48,36.14,36.1,36.46,37.19,36.58,38.06,37.2,37.21,,38.3,39.09,Male,18-20,Black or African-American,25.3,23.6,0.6,0,16:53:06,18-02-2028
0.66,34.61,35.16,31.4,34.66,35.11,34.83,35.11,35.14,35.3,35.3,34.91,35.32,34.38,34.6,35.32,35.3,34.22,34.35,34.31,34.26,34.24,35.61,34.72,35.87,35.78,35.81,,37.15,37.09,Female,21-25,White,23.9,35.2,0.56,1,10:05:44,18-03-2001
-0.11,35.79,35.94,33.97,35.11,35.84,35.62,35.84,35.87,35.93,35.86,35.92,35.95,35.62,35.85,35.95,35.93,34.44,34.67,34.67,34.33,34.61,35.49,34.85,35.95,35.39,35.4,,37.15,37.14,Female,21-25,White,24.2,39,0.6,0,11:48:13,18-03-2001
-0.25,35.8,36.2,35.48,35.64,35.79,35.79,35.71,35.8,36.12,36.12,36.01,36.2,35.58,36.06,36.2,36.12,34.46,34.73,34.6,34.87,34.93,35.81,35.45,36.3,36.26,36.28,,37.3,37.74,Female,21-25,Asian,24.2,39,0.6,1,13:55:34,18-03-2001
-0.47,35.94,35.78,35.57,35.16,35.94,35.94,35.69,35.94,35.88,35.78,35.88,35.89,35.74,35.75,35.94,35.94,35.08,34.7,34.95,35.03,34.99,35.36,35.24,36.31,36.28,36.31,,37,36.99,Male,21-25,White,24.2,39,0.6,0,14:31:51,18-03-2001
-0.47,36.52,37.27,35.55,36.1,37.3,36.36,37.3,37.37,37.25,36.89,37.25,37.27,36.39,36.89,37.37,37.3,35.42,35.82,35.84,36.17,34.64,36.68,36.47,37.59,37.55,37.59,,38.3,38.44,Male,18-20,Asian,24.2,39,0.6,1,15:04:29,18-03-2001
,,,,,,,,,,,,,,,,,,,,,,,,,,,,39.05,39.24,Male,18-20,White,24.2,39,0.6,0,15:21:41,18-03-2001
-0.37,35.61,35.54,35.19,34.98,35.54,35.54,35.45,35.61,35.58,35.58,35.46,35.64,35.36,35.19,35.63,35.6,34.53,34.24,34.47,34.38,34.6,35.3,34.92,35.64,35.48,35.51,,36.7,36.49,Male,21-25,White,23.7,13.9,0.6,1,10:25:48,18-03-2005
,,,,,,,,,,,,,,,,,,,,,,,,,,,,36.9,36.74,Female,18-20,White,23.8,13.4,0.7,0,11:03:41,18-03-2005
-0.3,36.06,36.16,35.69,35.75,36.03,36.03,35.91,36.06,36.1,36.1,35.46,36.16,35.93,35.44,36.16,36.1,34.81,35.27,34.7,34.68,35.06,35.58,35.39,36.16,35.56,35.57,,36.7,36.44,Female,18-20,White,24.1,13.5,0.7,0,11:25:08,18-03-2005
-0.35,35.48,35.49,34.91,34.97,35.45,35.45,35.38,35.51,35.62,35.62,35.53,35.64,35.2,35.11,35.64,35.62,34.39,34.87,34.83,34.65,34.75,35.14,35.14,36.33,36.33,36.33,,36.95,36.94,Female,21-25,White,24.1,14.5,0.7,0,11:47:32,18-03-2005
-0.2,34.4,35.27,33.48,34.7,34.71,34.56,34.71,34.73,35.22,35.22,34.98,35.27,34.1,34.78,35.27,35.22,33.17,34.08,33.2,33.56,34.09,34.93,34.65,35.27,35.07,35.09,,36.55,36.29,Male,18-20,Asian,24.2,13.5,0.6,0,12:11:03,18-03-2005
-0.51,35.49,35.89,34.74,35.02,35.47,35.47,35.05,35.49,35.9,35.9,35.01,35.99,35.03,34.61,35.99,35.9,34.82,34.95,34.91,34.77,34.59,35.53,35.23,35.99,35.47,35.5,,36.75,36.94,Female,18-20,Asian,24.1,12.5,0.6,0,12:42:34,18-03-2005
-0.5,35.61,35.26,35.02,34.81,35.63,35.63,35.2,35.65,35.24,35.24,35.09,35.26,35.07,35.03,35.65,35.63,34.61,35.04,34.68,34.34,34.9,35.7,35.42,35.7,34.88,34.91,,36.55,36.79,Female,21-25,Asian,24.1,13.8,0.6,1,13:32:07,18-03-2005
-0.3,35.79,35.7,34.79,34.97,35.84,35.84,35.66,35.88,35.74,35.74,35.29,35.76,35.33,35.03,35.88,35.84,34.45,34.51,33.86,34.39,34.6,35.42,35.04,35.88,34.6,34.63,,36.8,36.79,Female,18-20,Multiracial,24.1,13.5,0.6,0,14:42:00,18-03-2005
-0.38,35.2,34.85,34.5,33.87,35.16,35.16,34.81,35.2,34.84,34.82,34.79,34.88,34.87,34.7,35.2,35.16,33.09,33.48,33.73,32.53,33.27,34.18,34.16,35.2,34.92,34.94,,36.6,36.74,Female,18-20,White,24.1,13.5,0.6,0,15:03:23,18-03-2005
-0.4,35.43,35.4,34.77,34.33,35.41,35.41,35.32,35.43,35.48,35.27,35.48,35.52,35.36,35.24,35.52,35.48,34.16,33.24,33.29,33.21,34.34,35.01,34.64,35.52,34.93,34.98,,36.65,36.79,Female,18-20,Multiracial,24.1,13.5,0.6,1,15:40:20,18-03-2005
-0.36,34.64,35.08,32.93,33.74,34.7,34.56,34.7,34.71,35.21,35.04,35.21,35.25,34.45,35.02,35.25,35.21,33.75,34.05,33.86,33.58,33.67,35.62,34.31,35.64,35.55,35.57,,36.9,36.99,Female,18-20,Black or African-American,24.1,13.5,0.6,0,16:48:03,18-03-2005
0.15,34.94,34.83,34.29,34.22,34.95,34.94,34.89,34.98,34.77,34.77,34.59,34.83,34.5,34.18,35.22,35.21,34.03,34.18,34.01,34,33.8,34.72,34.51,36.03,35.99,36.03,,36.95,36.89,Female,21-25,White,24.3,18.3,0.61,1,09:59:41,18-03-2006
-0.42,35.18,35.33,34.43,34.97,35.22,35.22,35.14,35.24,35.28,35.28,34.83,35.33,34.58,34.88,35.33,35.28,34.69,34.62,34.81,34.64,34.43,35.5,34.93,35.5,34.97,35.01,,36.75,36.79,Male,18-20,Asian,24,18.5,0.61,0,10:40:51,18-03-2006
-0.56,34.7,35.2,33.57,34.58,34.69,34.69,34.59,34.7,35.13,35.13,34.83,35.2,34.11,34.55,35.2,35.13,33.49,34.01,33.25,33.37,33.89,35.12,34.49,35.2,34.87,34.88,,36.85,36.59,Female,18-20,Multiracial,24.2,18.6,0.58,1,11:09:42,18-03-2006
-0.47,35.28,35.71,34.81,35.18,35.4,35.4,34.95,35.44,35.79,35.73,35.79,35.85,34.64,35.6,35.85,35.79,34.34,34.78,34.98,34.29,34.71,35.39,35.13,35.9,35.88,35.9,,37,36.99,Female,21-25,White,24.2,18.3,0.62,0,11:28:33,18-03-2006
-0.3,35.32,35.24,34.88,34.82,35.26,35.26,35.09,35.32,35.28,35.25,35.27,35.29,34.94,34.96,35.38,35.37,34.36,34.23,34.21,34.39,32.18,35.52,35.22,35.89,35.84,35.89,,37.15,37.14,Female,18-20,Asian,24,17.6,0.64,0,13:50:34,18-03-2006
-0.54,35.85,35.7,33.28,34.75,36.13,35.92,36.13,36.14,35.84,35.84,35.71,35.87,35.48,35.22,36.14,36.13,34.51,35.01,34.88,34.34,34.47,35.21,35.21,36.14,35.61,35.67,,37,36.89,Male,31-40,Black or African-American,23.8,17,0.65,0,14:27:03,18-03-2006
-0.3,35.55,35.4,34.47,35.03,35.7,35.56,35.7,35.73,35.53,35.53,35.06,35.55,35.39,34.97,35.73,35.7,34.65,35.09,35.04,34.73,34.58,35.43,35.25,36.12,36.06,36.12,,37.05,37.09,Female,21-25,White,24.3,17.6,0.66,0,14:40:54,18-03-2006
-0.11,35.56,35.66,35.28,35.43,35.55,35.55,35.48,35.56,35.62,35.62,35.39,35.66,35.42,35.14,35.66,35.62,34.27,34.18,34.27,34.16,34.58,35.2,34.72,35.89,35.89,35.89,,36.95,36.94,Female,18-20,White,24.1,17.2,0.6,1,15:12:10,18-03-2006
-0.22,35.07,35.08,34.65,34.86,35.07,35.04,35.04,35.09,35.05,35.05,34.75,35.08,34.95,34.49,35.09,35.07,33.52,33.9,33.73,33.69,34.12,35.21,34.91,35.83,35.79,35.83,,37.05,36.89,Female,21-25,White,24.3,17.7,0.6,1,16:01:31,18-03-2006
-0.35,35.71,35.89,35.1,35.47,35.72,35.72,35.61,35.74,35.9,35.9,35.27,35.91,35.45,35.25,35.91,35.9,34.8,34.74,34.39,34.47,34.97,35.8,35.24,36.01,35.97,36.01,,37.1,37.09,Female,21-25,White,24.6,17.4,0.6,1,16:21:46,18-03-2006
-0.41,36.75,36.78,36.44,36.37,36.87,36.74,36.87,36.89,36.96,36.76,36.96,36.98,36.53,36.67,36.98,36.96,34.96,34.64,34.69,35.37,34.76,35.81,35.81,37.33,36.97,37.01,,38,38.14,Male,31-40,Asian,24.5,19.4,0.65,0,16:38:00,18-03-2006
,,,,,,,,,,,,,,,,,,,,,,,,,,,,36.45,36.49,Female,18-20,White,24,27.2,0.6,0,10:45:48,18-03-2007
-0.43,34.98,35.45,33.92,35.02,34.96,34.96,34.85,34.98,35.38,35.38,35.17,35.45,34.58,35,35.45,35.38,33.77,34.04,33.9,33.9,33.96,35.05,34.51,36.18,36.15,36.18,,36.95,36.94,Female,18-20,White,24,27.2,0.6,0,11:07:38,18-03-2007
,,,,,,,,,,,,,,,,,,,,,,,,,,,,36.45,36.44,Female,21-25,Multiracial,24,27.2,0.6,1,11:38:47,18-03-2007
-0.48,35.53,35.59,35.17,35.27,35.55,35.52,35.55,35.58,35.58,35.58,35.51,35.59,35.48,35.46,35.59,35.59,35.02,35.1,35.24,35.03,35.19,35.66,35.41,35.74,35.74,35.74,,36.9,36.94,Female,21-25,Multiracial,24,27.2,0.6,1,12:23:20,18-03-2007
,,,,,,,,,,,,,,,,,,,,,,,,,,,,36.9,37.04,Female,18-20,White,24,27.2,0.6,0,13:39:11,18-03-2007
-0.52,34.48,35.09,33,34.45,35.41,34.42,35.41,35.43,35.19,35.07,35.19,35.25,34.27,34.82,35.43,35.42,33.3,33.67,33.1,32.77,34.32,34.98,34.51,35.43,34.63,34.64,,36.7,36.79,Female,21-25,White,24,27.2,0.6,0,14:57:03,18-03-2007
-0.23,38.67,38.33,38.04,37.91,38.65,38.65,38.31,38.67,38.31,38.31,38.12,38.33,38.29,38.09,38.67,38.65,36.9,37.13,36.89,36.95,36.74,37.53,37.48,38.67,37.57,37.58,,37.9,38.94,Male,18-20,White,24,26.3,0.6,0,15:05:31,18-03-2007
-0.24,35.8,35.66,35.31,35.19,35.89,35.78,35.89,35.9,35.65,35.65,35.54,35.67,35.59,35.13,35.9,35.89,34.44,34.8,34.23,34.35,34.81,35.15,34.93,35.9,35.66,35.72,,36.95,37.04,Female,18-20,Hispanic/Latino,24,26.3,0.6,0,15:48:34,18-03-2007
-0.43,35.23,34.89,34.31,34.19,35.5,35.22,35.5,35.5,35.54,35.05,35.54,35.58,35.01,34.75,35.58,35.54,34.64,34.39,34.9,34.57,34.47,35.21,35.21,35.58,35.34,35.36,,36.7,36.89,Female,18-20,Hispanic/Latino,24,26.3,0.6,1,15:56:45,18-03-2007
-0.15,34.81,35.21,33.17,34.72,35.06,34.9,35.06,35.1,35.19,35.19,35.14,35.21,34.44,35.09,35.21,35.19,35.03,35.05,34.48,34.35,35.12,35.55,35.5,35.55,35.39,35.42,,36.75,36.64,Male,18-20,White,23.5,14.2,0.6,0,10:35:43,18-03-2008
-0.28,35.21,35.35,34.1,34.9,35.31,35.31,35.2,35.34,35.6,35.6,35.07,35.65,35.09,35.01,35.65,35.6,34.6,34.76,34.53,34.17,34.54,35.49,34.87,35.65,35.51,35.52,,37.05,36.84,Male,18-20,White,23.5,13.8,0.64,1,11:02:50,18-03-2008
-0.23,34.6,34.97,34.19,34.57,34.62,34.62,34.19,34.64,35.07,35.07,34.83,35.14,33.74,34.27,35.14,35.07,33.98,33.65,33.81,33.91,33.99,34.75,34.4,35.36,34.41,34.46,,36.9,36.74,Male,26-30,Asian,23.6,13.5,0.68,0,13:03:59,18-03-2008
-0.37,35.47,35.61,34.21,34.49,35.77,35.77,35.64,35.79,35.69,35.69,35.54,35.73,35.22,35.29,35.79,35.77,34.97,34.29,34.95,34.34,30.21,35.49,35.36,35.97,35.93,35.97,,37.2,37.09,Male,21-25,White,23.8,13.9,0.67,0,13:30:10,18-03-2008
-0.27,36.04,35.79,35.38,35.34,36.01,36,36,36.04,35.82,35.78,35.82,35.89,35.89,35.74,36.04,36.01,34.42,34.84,34.46,34.61,34.56,35.39,35.23,36.04,35.66,35.66,,37.25,37.09,Female,18-20,White,23.8,13.7,0.6,0,13:47:46,18-03-2008
-0.33,36.39,36.21,35.68,35.92,36.34,36.34,36.11,36.39,36.17,36.17,35.81,36.21,35.99,35.69,36.39,36.34,33.95,33.81,34.31,33.88,33.95,35.48,34.73,36.39,35.91,35.95,,37.05,37.14,Female,18-20,Asian,23.3,14.2,0.62,1,11:32:56,18-03-2009
-0.4,33.74,33.58,33.11,33.31,34.18,34.1,34.18,34.21,33.69,33.57,33.69,33.71,33.56,33.42,34.83,34.81,33.71,33.92,33.54,33.34,34.12,35.15,34.52,35.15,33.03,33.04,,36.75,36.39,Female,18-20,Asian,23.5,13.7,0.62,0,14:02:13,18-03-2009
-0.28,35.61,35.81,33.86,34.88,35.59,35.59,35.44,35.61,35.77,35.77,35.46,35.81,35.47,35.61,35.81,35.77,34.21,34.35,34.57,34.58,34.22,35.4,34.8,36.52,36.5,36.52,,36.85,36.99,Female,21-25,White,23.4,13.9,0.6,1,14:47:37,18-03-2009
-0.44,34.32,34.9,34.16,34.58,34.52,34.52,34.29,34.56,34.86,34.86,34.42,34.91,34.07,34.53,34.9,34.86,34.12,33.89,34.07,33.84,34.46,34.8,34.68,34.91,34.66,34.7,,36.8,36.94,Female,26-30,Asian,23.5,13.5,0.6,0,15:54:31,18-03-2009
-0.23,36.13,36.28,35.54,35.63,36.09,36.09,35.67,36.13,36.26,36.26,35.45,36.29,35.68,35.29,36.29,36.26,34.83,35.02,34.92,34.9,34.92,35.54,35.37,36.29,35.86,35.87,,36.75,36.99,Male,18-20,White,23.6,13.7,0.6,0,16:18:50,18-03-2009
-0.34,36.57,35.88,35.42,34.57,36.56,36.56,36.55,36.58,36.13,36.08,36.12,36.14,36.46,35.3,36.57,36.56,33.93,32.58,35.31,34.78,29.47,36.09,36.05,36.58,36.41,36.41,,37.65,37.89,Male,18-20,White,23.6,14.6,0.6,0,16:43:31,18-03-2009
,,,,,,,,,,,,,,,,,,,,,,,,,,,,36.4,36.34,Male,21-25,White,23.8,17.6,0.6,0,09:57:03,18-03-2012
-0.47,35.58,35.98,34.26,35.37,35.6,35.57,35.6,35.63,35.94,35.94,35.83,35.98,35.1,35.52,35.98,35.94,34.29,34.65,34.87,34.1,34.55,35.72,35.08,36.26,36.24,36.26,,36.95,37.09,Female,18-20,Black or African-American,24,17.8,0.6,1,10:30:59,18-03-2012
-0.33,35.39,35.88,34.11,35.13,35.78,35.51,35.78,35.8,35.91,35.91,35.62,35.97,35.04,35.22,35.97,35.91,34.94,35.06,35,34.78,34.92,35.66,35.48,36.61,36.6,36.61,,37.25,37.24,Female,31-40,Black or African-American,24.2,18.2,0.6,1,11:13:46,18-03-2012
-0.34,34.63,35.12,32.49,34.18,34.96,34.78,34.96,34.96,35.11,35.11,35.04,35.12,34.13,34.74,35.12,35.11,34.04,33.98,33.99,33.62,34.47,35.32,34.72,35.53,35.49,35.53,,36.75,36.69,Female,18-20,Hispanic/Latino,24.2,17.6,0.6,1,11:37:25,18-03-2012
-0.63,35,35.2,34.13,34.78,34.98,34.96,34.95,35,35.16,35.16,34.98,35.2,34.6,34.92,35.29,35.26,33.83,34.23,34.06,34.05,34.39,35.19,34.87,35.36,35.23,35.25,,36.7,36.44,Male,18-20,Black or African-American,24.3,16.9,0.6,0,12:12:09,18-03-2012
-0.15,34.66,35.7,32.73,34.64,35.04,34.65,35.04,35.1,35.68,35.68,35.32,35.7,33.9,35.05,35.7,35.68,33.83,34.28,34.32,33.91,33.76,34.58,34.58,35.7,35.4,35.43,,37,37.09,Female,51-60,Black or African-American,24.3,16.9,0.6,1,13:28:04,18-03-2012
-0.32,35.24,35.33,34.98,34.95,35.25,35.2,35.25,35.28,35.35,35.35,35.19,35.37,35.13,35.04,35.4,35.39,34.42,34.41,33.99,34.24,34.42,35.32,34.84,35.86,35.39,35.4,,36.95,36.99,Female,18-20,Multiracial,24.3,17.4,0.6,0,14:07:29,18-03-2012
-0.41,34.56,34.98,33.66,34.7,34.75,34.61,34.75,34.78,35.1,35.1,34.96,35.11,34.42,34.78,35.49,35.46,34.66,34.44,35.06,34.72,34.85,35.45,35.23,35.49,35.31,35.33,,37,37.09,Female,21-25,Asian,24.3,17.4,0.6,0,14:23:33,18-03-2012
-0.32,34.52,34.42,33.35,33.68,34.6,34.52,34.6,34.62,34.9,34.51,34.9,34.92,34.1,34.29,34.94,34.91,34.42,33.91,33.97,33.78,34.55,35.4,34.73,35.4,34.85,34.95,,36.7,36.89,Male,18-20,Asian,24.3,19,0.6,0,15:31:36,18-03-2012
-0.49,32.99,33.78,31.21,32.96,33.03,33,33.03,33.04,33.87,33.81,33.86,33.88,32.73,33.48,33.88,33.87,33.14,32.87,33.83,32.95,33.3,34.6,34.08,35.06,35.03,35.06,,36.85,36.89,Male,18-20,Asian,24.3,19,0.6,0,15:59:55,18-03-2012
-0.37,36.38,36.5,34.04,35.37,36.65,36.58,36.64,36.67,36.65,36.63,36.65,36.67,35.86,35.85,36.67,36.67,35.3,34.85,34.76,34.89,35.22,36.07,35.69,36.67,35.61,35.63,,37.45,37.94,Male,18-20,White,24.3,19,0.6,0,16:09:19,18-03-2012
-0.05,35.34,35.78,34.77,35.36,35.44,35.44,35.37,35.49,35.74,35.74,35.38,35.78,34.87,35.01,35.78,35.74,34.42,34.68,34.49,34.31,34.59,35.14,34.89,35.78,35.57,35.58,,37.2,36.94,Male,21-25,White,23.9,15.3,0.65,0,10:22:39,18-03-2013
,,,,,,,,,,,,,,,,,,,,,,,,,,,,36.95,36.69,Male,18-20,White,23.9,15.3,0.62,0,10:43:32,18-03-2013
,,,,,,,,,,,,,,,,,,,,,,,,,,,,37.15,36.89,Male,18-20,Asian,23.7,15,0.65,0,11:53:37,18-03-2013
-0.41,35.5,35.31,35.03,35.01,35.49,35.49,35.25,35.5,35.28,35.28,34.84,35.31,35.29,34.67,35.5,35.49,34.3,34.57,34.38,34.34,34.36,35.23,35.03,35.95,35.69,35.72,,36.95,36.79,Female,18-20,White,23.9,15.3,,1,14:23:23,18-03-2013
-0.41,35.21,35.44,31.34,33.06,35.51,35.18,35.51,35.55,35.45,35.35,35.44,35.49,35.12,35.22,35.55,35.52,32.26,32.63,33.16,32.7,33.63,34.9,34.02,36.51,36.46,36.51,,37.4,37.49,Male,18-20,White,23.9,15.3,,1,15:14:20,18-03-2013
,,,,,,,,,,,,,,,,,,,,,,,,,,,,36.9,36.99,Female,21-25,Asian,23.5,13.6,0.6,1,10:39:07,18-03-2014
-0.51,35.28,35.39,34.67,34.98,35.26,35.26,34.8,35.28,35.53,35.53,34.73,35.54,34.57,34.72,35.54,35.53,34.22,34.39,34.22,34.34,34.14,35.17,34.61,36.03,36,36.03,,36.55,36.84,Male,21-25,White,23.4,13.9,0.6,0,11:51:44,18-03-2014
-0.36,35.97,35.5,35.49,34.97,35.96,35.96,35.67,35.97,35.47,35.47,35.32,35.5,35.59,35.01,35.97,35.96,35.59,35.29,34.99,34.82,35.36,35.68,35.68,35.97,35.61,35.67,,36.95,37.09,Female,18-20,White,23.4,14,0.6,1,12:59:23,18-03-2014
,,,,,,,,,,,,,,,,,,,,,,,,,,,,36.6,36.79,Female,18-20,Asian,23.4,14,0.6,0,13:09:56,18-03-2014
-0.29,35.72,36.15,34.95,35.43,35.7,35.7,35.42,35.72,36.13,36.13,35.36,36.15,35.33,35.41,36.15,36.13,34.72,34.71,34.66,34.55,34.78,35.4,35.4,36.15,35.84,35.85,,36.8,36.89,Female,26-30,White,23.4,14,0.6,1,14:24:49,18-03-2014
-0.34,35.14,35.1,34.87,34.91,35.14,35.14,34.71,35.14,35.19,35.14,35.18,35.26,34.7,34.78,35.46,35.42,34.3,34.73,34.3,34.18,34.59,35.64,35.12,35.64,35.63,35.64,,36.95,36.99,Female,18-20,Asian,23.4,13.8,0.6,1,15:24:26,18-03-2014
-0.32,35.39,35.36,33.83,34.23,35.45,35.39,35.45,35.47,35.37,35.37,35.28,35.4,35.26,34.84,35.64,35.63,34.41,34.63,34.77,34.54,34.72,35.26,35.19,35.99,35.5,35.52,,36.85,36.89,Female,26-30,White,23.7,13.3,0.6,0,16:18:14,18-03-2014
-0.43,33.95,34.64,31.84,34.07,34.32,34.2,34.32,34.33,34.63,34.63,34.39,34.64,33.5,34.5,34.93,34.9,33.94,34.08,34.1,33.92,34.01,35.18,34.31,35.18,33.43,33.47,,36.6,36.79,Female,18-20,Asian,23.7,13.3,0.6,1,16:34:12,18-03-2014
-0.07,34.81,35.67,33.87,34.9,35.52,34.96,35.52,35.57,35.89,35.89,35.73,35.94,34.42,35,35.94,35.89,35.09,34.87,33.71,34.76,34.79,35.91,35.45,35.94,35.57,35.61,,37.05,36.84,Male,21-25,White,23.9,15.3,0.64,1,10:37:45,18-03-2015
-0.33,35.72,35.5,35.14,35.04,35.7,35.7,35.52,35.72,35.47,35.47,35.29,35.5,35.46,35.27,35.72,35.7,33.76,31.85,32.74,32.48,33.11,34.19,34.09,35.88,35.84,35.88,,37,37.24,Male,18-20,White,23.9,13.6,0.7,1,11:14:00,18-03-2015
-0.28,34.85,35.37,34.16,35.09,34.9,34.83,34.9,34.93,35.38,35.38,35.02,35.39,34.7,34.85,35.39,35.38,34.29,34.17,33.5,34.28,34.3,34.94,34.56,35.39,35.12,35.13,,36.55,36.49,Male,18-20,White,24,14.5,0.62,0,12:30:41,18-03-2015
,,,,,,,,,,,,,,,,,,,,,,,,,,,,37.35,37.29,Female,18-20,White,24,14.5,0.6,1,12:44:06,18-03-2015
-0.28,35.84,35.74,35.33,35.18,35.81,35.81,35.7,35.85,35.72,35.72,35.45,35.74,35.65,35.34,35.84,35.81,33.14,33.15,33.32,33.27,33.29,34.99,33.88,35.85,35.45,35.55,,36.75,36.79,Female,18-20,White,23.9,15.6,0.6,0,14:00:15,18-03-2015
-0.58,35.52,35.36,35.22,35.1,35.52,35.5,35.51,35.52,35.61,35.4,35.61,35.63,35.37,35.21,35.63,35.61,34.67,34.86,34.19,34.62,35.06,35.47,35.32,35.93,35.91,35.93,,36.2,36.59,Male,18-20,Multiracial,23.9,15.6,0.6,0,14:20:26,18-03-2015
-0.26,35.54,35.31,35.23,34.83,35.55,35.52,35.53,35.59,35.52,35.52,35.1,35.54,35.46,34.73,35.59,35.55,34.3,34.98,34.01,34.36,34.11,35.11,34.98,35.9,35.24,35.26,,36.65,36.74,Male,31-40,Asian,23.9,15.6,0.6,0,16:01:59,18-03-2015
0.05,35.22,35.07,34.85,34.56,35.21,35.21,35.11,35.22,35.08,35.04,35.07,35.09,35.09,34.96,35.26,35.23,34.19,34.22,34.3,34.09,34.95,35.22,35.11,35.48,34.96,34.98,,36.9,37.04,Female,18-20,Asian,24.3,13.3,0.6,1,11:20:36,18-03-2016
-0.3,34.96,34.72,34.38,33.19,35.08,35.05,35.06,35.13,35.08,34.97,35.08,35.08,34.6,34.61,35.17,35.14,33.92,33.81,34.45,34.1,33.88,35.14,34.49,35.18,34.75,34.77,,36.65,36.59,Male,21-25,Multiracial,23.4,11.7,0.6,0,12:47:30,18-03-2016
-0.4,32.47,33.44,30.97,31.93,33.92,33.35,33.92,34,34.17,34.17,34.01,34.19,31.59,32.5,34.37,34.33,32.64,33.33,32.9,32.72,33.12,34.4,34.03,34.61,33.66,33.67,,36.85,36.99,Female,51-60,Black or African-American,23.5,11.9,0.6,1,13:42:13,18-03-2016
-0.36,35.28,35.16,34.53,34.78,35.3,35.25,35.3,35.35,35.16,35.16,35.06,35.17,35.22,34.79,35.34,35.3,34.04,34.17,33.9,33.94,34.03,35.33,34.34,35.63,35.61,35.63,,36.55,36.29,Female,18-20,Asian,23.7,12,0.7,1,14:12:50,18-03-2016
-0.1,35.47,35.46,33.88,34.77,35.55,35.52,35.54,35.57,35.46,35.46,35.11,35.51,35.34,34.82,35.57,35.55,34.34,34.48,34.93,34.55,34.7,35.65,35.31,35.65,35.22,35.25,,36.7,36.69,Female,21-25,Asian,23.7,12.4,0.7,1,16:20:24,18-03-2016
-0.25,36.46,36.15,35.98,35.54,36.44,36.44,36.36,36.46,36.14,36.14,36.05,36.16,36.38,35.77,36.46,36.44,32.59,33.34,31.94,32.43,30.04,35.83,34.36,36.46,36.18,36.19,,36.9,37.24,Male,21-25,Asian,23.8,15.1,0.7,0,10:13:34,18-03-2026
-0.18,35.65,35.6,35.1,35.07,35.67,35.67,35.15,35.69,35.58,35.58,34.93,35.6,35,34.62,35.69,35.67,33.74,34.24,34.14,33.79,33.93,35.23,34.42,35.69,35.12,35.15,,36.9,36.99,Female,18-20,Black or African-American,23.8,16.7,0.7,0,10:58:26,18-03-2026
-0.39,34.27,34.59,33.5,34.05,34.55,34.55,34.45,34.55,34.58,34.53,34.54,34.62,33.95,34.46,34.67,34.66,33.75,34.1,34.03,33.59,33.63,34.76,34.37,35.22,35.12,35.22,,36.65,36.49,Female,21-25,Asian,23.8,16.7,0.7,1,11:33:49,18-03-2026
-0.07,34.46,34.01,33.84,33.5,34.51,34.51,34.24,34.52,34.02,34.02,33.76,34.02,34.26,33.59,34.97,34.96,33.82,33.39,33.12,33.41,34.37,34.91,34.5,35.99,35.9,35.93,,36.7,36.24,Female,21-25,Asian,24,16.5,0.7,0,12:08:05,18-03-2026
-0.2,35.53,35.76,32.91,34.44,35.65,35.63,35.55,35.73,35.78,35.78,35.53,35.83,34.65,35.21,35.83,35.78,34.09,34.45,33.77,33.93,34.21,34.96,34.62,35.83,35.5,35.52,,36.7,36.64,Male,18-20,Asian,24.1,16.3,0.7,1,12:43:30,18-03-2026
-0.3,35.21,35.18,34.07,34.64,35.27,35.17,35.27,35.32,35.46,35.46,34.9,35.49,34.89,34.37,35.74,35.71,34.66,34.73,34.82,34.37,34.96,35.62,35.49,35.74,34.97,34.97,,37,37.09,Male,21-25,Asian,24.2,18.1,0.7,1,13:40:05,18-03-2026
-0.35,35.14,34.86,34.26,33.96,35.21,35.13,35.2,35.31,35.16,35.13,35.16,35.17,34.82,34.34,35.31,35.21,33.85,34.25,33.95,33.83,34.35,34.56,34.54,35.31,34.53,34.57,,36.65,36.79,Female,18-20,White,24.2,18.1,0.7,0,15:08:44,18-03-2026
-0.31,35.38,35.09,34.67,34.63,35.35,35.35,35.25,35.38,35.08,35.08,34.95,35.09,35.3,34.86,35.38,35.35,34.38,34.65,34.42,34.24,33.84,35.55,34.89,35.55,35.15,35.16,,37.1,37.19,Female,21-25,White,24.2,18.1,0.65,0,16:41:49,18-03-2026
-0.09,36.37,36.15,35.37,35.4,36.48,36.32,36.48,36.51,36.21,36.21,36.15,36.25,36.25,35.48,36.51,36.48,35.37,35.28,35.65,35.61,35.86,36.04,35.96,36.51,36.32,36.34,,37.6,37.89,Female,18-20,White,24.2,18.1,0.65,0,16:53:44,18-03-2026
-0.46,35.81,36.16,34.31,35.01,36.09,36.07,36.08,36.11,36.27,36.27,36.17,36.29,35.41,35.78,36.29,36.27,35.03,35.16,35.12,35.05,35.4,36.12,35.49,36.58,36.57,36.58,,38,37.94,Male,21-25,Black or African-American,23.9,3021.1,0.64,0,11:16:47,18-03-2027
-0.16,35.99,35.85,35.22,35.38,35.89,35.89,35.59,35.99,35.85,35.85,35.39,35.87,35.13,35.07,35.99,35.9,34.83,34.41,34.63,34.47,35.1,35.76,35.49,35.99,35.74,35.79,,36.85,36.99,Female,18-20,White,24.1,20.5,0.61,0,11:47:45,18-03-2027
-0.21,36.24,35.86,35.68,34.97,36.24,36.22,36.23,36.24,36.14,35.89,36.14,36.15,36.13,35.71,36.24,36.24,34.33,34.55,34.75,34.44,34.65,35.5,35.08,36.24,35.6,35.62,,37.05,36.99,Female,21-25,White,24,20.2,0.64,0,12:09:25,18-03-2027
-0.5,35.79,35.64,34.2,34.86,35.89,35.75,35.89,35.91,35.66,35.66,35.54,35.75,35.56,35.27,35.91,35.89,34.77,34.51,34.5,34.5,34.77,35.19,35.19,36.03,35.29,35.33,,37.35,37.14,Male,21-25,White,24.1,20.5,0.6,0,12:31:48,18-03-2027
-0.46,35.81,35.81,34.8,35.37,36.04,35.8,36.04,36.07,35.74,35.74,34.96,35.81,35.75,35.12,36.07,36.04,34.65,34.08,34.95,34.53,34.66,35.43,35.43,36.07,35.55,35.57,,37.3,37.24,Female,18-20,White,24.1,20.1,0.66,0,12:51:36,18-03-2027
-0.28,34.55,34.8,33.47,34.45,34.66,34.66,34.51,34.69,34.89,34.8,34.88,34.94,33.96,34.32,35.17,35.14,34.31,34.66,34.35,33.93,34.44,35.09,35.02,35.54,35.5,35.54,,36.35,36.64,Female,18-20,Asian,24.1,20.1,0.66,1,13:44:22,18-03-2027
-0.29,35.52,35.44,35.23,35.09,35.46,35.46,34.9,35.52,35.41,35.41,34.9,35.44,34.85,34.9,35.52,35.47,34.14,34.41,34.44,34.23,33.88,34.79,34.79,35.99,35.72,35.74,,36.9,36.84,Female,18-20,Multiracial,24.1,20.1,0.66,0,14:56:37,18-03-2027
-0.33,35.02,35,34.39,34.54,35.08,35.01,35.08,35.1,35.12,35.12,34.83,35.14,34.84,34.64,35.14,35.12,32.72,33.74,32.43,33.11,33.07,34.32,34.2,35.31,35.28,35.31,,36.4,36.64,Male,18-20,Black or African-American,24.1,20.1,0.66,0,15:56:38,18-03-2027
-0.46,35.13,35.15,33.87,33.7,35.49,35.43,35.49,35.54,35.24,35.24,35.12,35.25,34.53,34.43,35.73,35.62,34.64,34.66,34.32,34.57,34.85,35.92,34.95,35.92,34.81,34.81,,36.65,36.54,Female,31-40,Asian,28.2,14.6,0.7,1,13:54:51,18-04-2010
-0.09,34.73,34.87,33.17,34.5,34.96,34.64,34.96,35.01,34.84,34.84,34.5,34.87,34.47,34.38,35.01,34.96,33.27,33.46,33.74,33.59,33.71,34.81,34.1,35.01,34.39,34.43,,36.85,36.99,Female,21-25,Black or African-American,23.4,17.8,0.6,0,12:12:14,18-04-2011
-0.39,34.62,34.45,33.96,33.78,34.54,34.54,33.93,34.62,34.64,34.64,34.39,34.68,33.98,34.12,35.56,35.51,34.23,33.43,33.67,33.84,34.35,34.9,34.51,35.86,35.82,35.86,,37,36.89,Female,21-25,Asian,23.4,17.8,0.6,1,12:35:11,18-04-2011
-0.5,34.85,35.11,34.29,34.59,34.91,34.91,34.9,34.93,35.09,35.03,35.08,35.11,34.67,34.99,35.11,35.09,34.47,34.67,34.06,34.25,34.7,35.15,34.89,35.21,34.82,34.9,,36.95,36.99,Female,21-25,Asian,23.4,17.8,0.6,1,14:01:52,18-04-2011
-0.5,35.11,35.42,34.08,34.79,35.35,35.3,35.33,35.37,35.4,35.4,35.25,35.42,34.63,35.06,35.42,35.4,34.14,34.05,34.2,34.16,34.4,35.02,34.87,35.42,35.38,35.42,,36.85,36.99,Female,21-25,Asian,24,19.6,0.6,0,16:09:01,18-04-2011
0.06,35.04,35.07,33.01,33.66,35.14,35.14,35.08,35.18,35.02,35.02,34.92,35.07,34.29,34.73,35.18,35.14,34.04,34.02,33.83,33.7,33.45,34.67,34.43,35.18,34.09,34.11,,36.3,36.59,Male,21-25,White,23.8,27.9,0.68,0,10:10:11,18-04-2012
-0.31,34.73,35.01,33.29,34.41,35.16,34.8,35.16,35.27,34.97,34.97,34.42,35.01,34.2,34.18,35.27,35.16,32.92,32.77,33.6,32.84,32.3,34.45,34.37,36,35.98,36,,36.85,36.59,Male,21-25,White,24.1,28.8,0.67,0,10:29:44,18-04-2012
-0.44,35.5,35.66,34.95,35.22,35.49,35.49,35.31,35.5,35.61,35.61,35.51,35.66,35.12,35.36,35.66,35.61,34.64,34.16,34.64,34.33,34.8,35.05,34.96,35.66,35.56,35.57,,36.85,36.74,Male,21-25,White,24.7,27.3,0.64,0,11:51:20,18-04-2012
-0.35,35.35,35.27,34.39,34.96,35.37,35.37,35.26,35.42,35.24,35.24,35.03,35.27,34.55,35.03,35.42,35.37,33.18,33.89,33.82,33.39,33.93,34.86,34.69,35.52,35.49,35.52,,37.05,37.09,Male,26-30,Black or African-American,24.9,26.4,0.7,0,12:24:20,18-04-2012
-0.41,35.6,35.7,35.06,35.39,35.57,35.57,35.49,35.6,35.66,35.66,35.18,35.7,35.48,35.28,35.7,35.66,34.91,34.84,34.84,34.89,34.91,35.57,35.12,35.94,35.91,35.94,,36.95,36.89,Male,18-20,White,24.9,26.4,0.7,0,13:28:52,18-04-2012
-0.72,35.8,35.93,34.3,35.26,35.97,35.91,35.97,35.99,35.96,35.92,35.96,35.99,35.39,35.43,35.99,35.98,35.83,35.7,35.57,35.69,35.9,36.08,36.01,36.11,35.96,35.99,,36.75,37.24,Female,18-20,Asian,24.9,26.4,0.7,0,16:26:13,18-04-2012
0.52,36.32,35.53,35.74,35.02,36.3,36.3,36.25,36.32,35.59,35.57,35.59,35.65,36.23,35.22,36.32,36.3,35,35.3,34.82,34.83,35.21,35.53,35.47,36.32,36.18,36.21,,37.2,37.09,Female,21-25,White,25.7,30.4,0.6,0,09:44:41,18-04-2013
-0.4,36.37,35.77,35.97,35.27,36.4,36.4,36.02,36.45,35.88,35.88,35.21,35.91,35.85,34.93,36.45,36.4,35.61,35.53,35.17,35.08,35.42,35.81,35.81,36.45,36.4,36.42,,37.3,37.64,Female,21-25,White,26.2,30.6,0.68,0,10:50:20,18-04-2013
-0.73,35.78,36.1,35.4,35.59,35.77,35.77,35.65,35.78,36.14,36.05,36.14,36.17,35.59,35.74,36.17,36.13,34.94,35,35.2,35.02,35.48,35.89,35.74,36.17,36,36.06,,36.85,36.99,Female,18-20,Black or African-American,26.8,29.5,0.62,1,11:56:06,18-04-2013
-0.8,36.14,35.81,35.96,35.62,36.14,36.14,35.92,36.14,35.83,35.82,35.8,35.85,35.98,35.74,36.18,36.16,32.27,32.52,32.01,32.88,32.18,34.62,33.57,37.43,37.4,37.43,,38.2,38.39,Female,18-20,Hispanic/Latino,26.8,29.5,0.6,1,12:13:50,18-04-2013
-0.35,35.96,35.72,35.47,35.21,35.94,35.92,35.85,35.96,35.72,35.72,35.59,35.74,35.72,35.27,35.96,35.94,33.34,33.52,33.02,33.29,33.04,34.58,34.5,36.05,36.02,36.05,,36.8,36.89,Male,21-25,Multiracial,27.6,27.9,0.7,1,13:44:56,18-04-2013
-0.48,35.38,35.49,34.89,35.09,35.38,35.38,35.38,35.4,35.5,35.39,35.5,35.51,35.33,35.36,35.53,35.51,34.71,34.68,34.66,34.66,34.15,35.28,35.27,36.05,35.75,35.77,,36.7,36.34,Male,18-20,Black or African-American,28.2,28.5,0.7,0,14:04:40,18-04-2013
-0.69,36.86,36.7,36.41,36.07,36.86,36.85,36.81,36.86,36.78,36.68,36.78,36.8,36.27,36.35,36.86,36.86,35.66,35.4,35.49,35.68,35.67,36.34,35.87,36.86,36.7,36.74,,37.8,37.94,Male,21-25,White,28.6,28.5,0.7,0,14:17:10,18-04-2013
-0.58,35.78,35.81,35.27,35.4,35.89,35.89,35.75,35.9,36.08,36.08,35.74,36.13,35.47,35.53,36.16,36.13,35.26,35.47,35.12,35.34,35.32,35.9,35.63,36.16,36.08,36.1,,36.95,36.99,Female,21-30,Black or African-American,28.7,27.2,0.7,1,14:45:37,18-04-2013
,,,,,,,,,,,,,,,,,,,,,,,,,,,,37.1,37.29,Male,21-25,White,29.1,27.5,0.7,0,16:24:30,18-04-2013
-0.25,34.94,35.08,34.43,34.76,35.14,35.04,35.14,35.16,35.15,35.15,34.54,35.2,34.83,34.59,35.32,35.29,34.4,34.61,34.35,34.41,34.67,35.36,35,35.5,35.49,35.5,,37,36.99,Female,21-25,Asian,25.1,36.8,0.7,1,10:34:07,18-04-2016
,,,,,,,,,,,,,,,,,,,,,,,,,,,,36.55,36.39,Male,18-20,White,25.2,35.9,0.6,0,11:07:21,18-04-2016
-0.28,35.51,35.05,34.19,34.2,35.63,35.55,35.61,35.65,35.04,35.03,35.03,35.05,35.23,34.77,35.65,35.63,34.88,35.01,34.94,34.81,34.97,35.38,35.38,35.96,35.92,35.96,,36.8,36.69,Male,21-25,White,25.4,34.9,0.7,0,11:33:45,18-04-2016
-0.15,35.79,36.02,35.48,35.61,35.79,35.78,35.79,35.81,36.04,36.01,36.04,36.07,35.76,35.93,36.07,36.04,35.08,34.64,34.71,35.06,35.06,35.45,35.27,36.29,36.28,36.29,,36.85,37.04,Female,21-25,White,25.3,33.7,0.7,1,12:12:11,18-04-2016
,,,,,,,,,,,,,,,,,,,,,,,,,,,,37.1,37.29,Male,21-25,Hispanic/Latino,25.5,33.1,0.7,0,12:35:53,18-04-2016
-0.45,35.01,35.43,33.34,34.79,35.2,35.16,35.17,35.24,35.56,35.56,34.95,35.61,34.65,34.91,35.61,35.56,34.37,34.49,33.7,34.36,34.47,35.02,34.9,35.61,34.58,34.61,,36.85,36.89,Female,18-20,White,25.5,33.1,0.7,0,13:27:18,18-04-2016
,,,,,,,,,,,,,,,,,,,,,,,,,,,,36.8,36.89,Female,18-20,White,25.3,31.8,0.7,1,13:37:51,18-04-2016
-0.4,35.48,36.2,32.76,35.19,35.9,35.61,35.9,35.96,36.16,36.16,35.74,36.2,35.04,35.47,36.2,36.16,33.69,33.32,34.86,34.23,34.2,35.45,35.22,36.2,33.96,33.99,,36.6,36.69,Female,18-20,Black or African-American,25.3,31.8,0.7,1,15:20:56,18-04-2016
-0.11,34.93,34.72,33.86,34.02,35.11,34.9,35.11,35.15,34.73,34.61,34.73,34.81,34.73,34.55,35.15,35.11,32.88,33.69,32.98,32.59,32.88,34.29,34.12,35.15,34.77,34.85,,36.65,36.79,Female,18-20,White,25.3,31.8,0.7,1,15:55:38,18-04-2016
-0.27,35.96,36.31,34.48,35.93,36.13,35.77,36.13,36.21,36.29,36.29,35.83,36.31,35.69,35.88,36.31,36.29,34.62,34.89,34.71,34.48,34.94,35.4,35.09,36.31,35.23,35.23,,36.95,37.09,Female,18-20,White,25.3,31.8,0.7,0,16:16:01,18-04-2016
0.03,35.35,35.03,34.85,34.88,35.38,35.38,34.44,35.44,35.04,35.04,34.75,35.06,34.19,34.63,35.44,35.38,34.87,34.31,34.88,34.78,35.11,35.52,35.21,35.52,35.42,35.44,,37,36.89,Male,21-25,Asian,24,19.2,0.62,0,10:03:39,18-04-2017
-0.37,35.19,35.32,34.98,34.86,35.31,35.31,35.19,35.34,35.29,35.29,34.82,35.32,34.79,34.51,35.45,35.43,34.62,34.76,34.58,34.38,34.69,35.48,35.47,35.71,35.57,35.67,,36.9,37.09,Female,21-25,Asian,24.2,18.7,0.6,0,10:25:06,18-04-2017
-0.31,36.01,36.11,35.58,35.73,35.97,35.97,35.86,36.01,36.12,36.12,35.49,36.14,35.72,35.48,36.14,36.12,34.66,34.21,34.22,33.99,35.02,35.24,35.1,36.14,35.63,35.69,,37.15,37.19,Female,18-20,White,24.1,18.4,0.65,1,11:38:46,18-04-2017
-0.14,36.24,36.06,35.53,35.65,36.18,36.18,35.98,36.24,36,36,35.33,36.06,35.9,35.15,36.24,36.18,34.87,35.07,34.71,34.95,34.93,35.63,35.37,36.24,35.63,35.66,,37.15,36.94,Male,18-20,White,24.1,18.8,0.65,0,12:40:14,18-04-2017
-0.39,34.6,34.83,33.66,34.31,34.94,34.7,34.94,34.98,35.13,34.83,35.13,35.18,34.29,34.65,35.18,35.13,33.91,33.88,33.77,33.77,34.01,35.29,34.44,35.72,35.63,35.72,,37.1,37.14,Female,18-20,Multiracial,24.2,18,0.65,0,13:05:03,18-04-2017
-0.21,36.85,36.17,36.38,35.46,36.83,36.83,36.69,36.86,36.71,36.35,36.71,36.79,36.63,35.81,36.86,36.84,34.68,34.38,34.5,34.42,34.27,35.1,34.85,36.86,36.21,36.22,,37.5,37.69,Male,21-25,White,24.1,18.1,0.64,0,14:41:48,18-04-2017
-0.17,35.84,35.24,35.25,34.49,35.82,35.82,35.54,35.84,35.73,35.52,35.73,35.76,35.13,34.6,35.84,35.82,34.55,34.7,34.64,34.4,34.57,35.21,35.14,35.9,35.83,35.9,,36.9,36.79,Male,18-20,White,24.3,18.1,0.64,0,15:00:17,18-04-2017
-0.33,35.72,35.56,34.42,34.93,35.7,35.7,35.65,35.72,35.73,35.73,35.14,35.76,35.47,34.52,35.76,35.74,34.67,34.75,34.72,34.68,34.81,35.28,35.28,35.98,35.93,35.96,,37.25,37.14,Female,21-25,White,24.5,17.7,0.64,1,15:21:39,18-04-2017
-0.39,34.97,35.05,33.47,33.92,35.06,34.89,35.06,35.09,35.16,35.03,35.16,35.19,34.87,34.96,35.19,35.16,34.14,34.3,34.64,34.27,34.35,35.11,34.85,35.72,35.69,35.72,,37.05,36.94,Male,18-20,Hispanic/Latino,24,17.2,0.66,0,16:42:34,18-04-2017
-0.23,35.86,35.32,35.22,34.76,35.84,35.84,35.8,35.86,35.49,35.49,34.54,35.51,35.8,34.32,35.86,35.84,34.59,34.04,33.71,34.63,34.56,34.94,34.72,35.86,35.13,35.13,,37.2,36.89,Male,21-25,Multiracial,24,17.2,0.66,0,16:59:26,18-04-2017
-0.16,35.42,35.58,34.84,35.19,35.59,35.41,35.59,35.65,35.56,35.56,35.51,35.58,35.3,35.35,35.65,35.6,34.68,34.61,34.3,34.22,34.38,35.25,34.84,35.65,35.64,35.65,,36.95,36.89,Female,18-20,White,23.4,18.7,0.6,0,10:33:27,18-04-2018
0.19,35.38,35.42,34.57,34.54,35.41,35.41,35.34,35.43,35.55,35.55,35.13,35.56,35.23,34.37,35.61,35.59,34.4,34.62,34.45,33.99,34.63,35.2,34.87,35.61,34.09,34.1,,36.5,36.59,Female,31-40,White,23.4,18.7,0.6,1,10:43:51,18-04-2018
-0.39,35.61,35.02,34.98,34.53,35.52,35.52,35.44,35.61,35.16,35.11,35.16,35.19,35.34,34.9,35.61,35.52,34.34,34.86,34.41,34.27,34.76,35.29,34.94,35.61,35.19,35.21,,36.5,36.79,Female,21-25,White,24.8,19.9,0.6,1,13:16:50,18-04-2018
-0.52,35.84,36.18,34.7,35.88,35.98,35.98,35.91,36.01,36.15,36.15,35.62,36.18,35.61,35.69,36.18,36.15,35.31,34.77,34.72,34.74,34.48,35.74,35.6,36.18,35.47,35.5,,36.35,36.69,Female,21-25,Multiracial,24.8,19.9,0.6,1,13:56:39,18-04-2018
-0.38,35.46,35.13,34.98,34.46,35.49,35.49,35.33,35.51,35.33,35.32,35.3,35.34,35.12,34.69,35.51,35.49,34.9,34.48,34.6,34.51,35.08,35.21,35.15,35.51,34.94,34.99,,36.8,36.89,Male,18-20,White,24.8,19.9,0.6,1,14:37:32,18-04-2018
-0.24,35.56,35.64,34.15,34.26,35.56,35.56,35.54,35.59,35.83,35.77,35.81,35.85,34.95,34.83,35.85,35.82,34.99,34.62,34.74,34.41,35.23,35.52,35.41,35.85,35.69,35.72,,37.1,37.09,Female,18-20,White,24.8,19.9,0.6,0,14:53:36,18-04-2018
-0.32,35.86,35.95,34.79,35.56,35.87,35.82,35.87,35.9,35.9,35.9,35.58,35.95,35.52,35.33,35.95,35.91,34.78,34.93,34.7,34.65,35.2,35.59,35.36,35.95,35.31,35.34,,36.9,36.99,Male,18-20,White,24.8,19.9,0.6,0,15:20:56,18-04-2018
,,,,,,,,,,,,,,,,,,,,,,,,,,,,36.85,36.99,Female,18-20,Asian,25.3,21.3,0.6,1,16:01:12,18-04-2018
-0.21,35.74,35.84,35.55,35.52,35.74,35.73,35.72,35.76,35.89,35.89,35.55,35.96,35.53,35.49,35.96,35.89,34.9,35.13,35.06,34.94,35.06,35.52,35.4,35.96,35.62,35.65,,37.05,36.89,Male,18-20,White,24,36,0.65,0,10:51:09,18-04-2019
-0.44,36.15,36.06,35.61,35.67,36.11,36.11,35.97,36.15,36.03,36.03,35.35,36.06,35.75,35.47,36.15,36.11,34.56,34.34,34.29,34.79,35.14,35.34,35.32,36.18,36.05,36.08,,37.05,37.14,Female,18-20,White,24.4,34.8,0.58,0,11:29:41,18-04-2019
,,,,,,,,,,,,,,,,,,,,,,,,,,,,37.2,36.94,Female,18-20,White,24.1,27.3,0.58,1,12:26:33,18-04-2019
-0.21,35.51,35.47,35.22,34.94,35.55,35.55,34.97,35.58,35.46,35.46,34.82,35.47,34.75,34.34,35.58,35.55,34.5,33.74,34.54,34.23,34.24,35.15,34.93,35.58,35.47,35.49,,36.9,36.74,Male,18-20,White,24.1,27.3,0.6,1,13:22:39,18-04-2019
-0.59,35.09,34.94,33.99,34.01,35.24,35.24,35.05,35.29,35.03,35.03,34.8,35.04,34.11,34.15,35.29,35.24,35.07,34.95,34.75,34.73,34.76,35.65,35.14,35.65,34.81,34.85,,36.8,36.54,Male,18-20,White,22,30,0.6,0,13:47:57,18-04-2019
-0.04,35.02,35.41,34.68,35.07,35,35,34.78,35.02,35.36,35.36,34.9,35.41,34.74,34.71,35.41,35.36,33.92,34.17,33.86,34.03,34.43,35.1,34.55,35.73,35.47,35.59,,36.8,36.84,Female,18-20,Black or African-American,22.8,17,0.6,1,12:50:13,18-04-2020
-0.39,35.46,35.55,34.96,34.86,35.52,35.41,35.52,35.57,35.52,35.52,35.26,35.57,35.27,35.07,35.68,35.63,34.4,34.64,34.42,34.62,34.22,35.9,35.06,35.9,35.6,35.65,,36.85,36.74,Female,18-20,Black or African-American,23.5,16.7,0.6,0,13:58:34,18-04-2020
,,,,,,,,,,,,,,,,,,,,,,,,,,,,37.2,37.39,Male,21-25,Black or African-American,24,16.9,0.7,0,15:20:40,18-04-2020
-0.41,35.18,34.98,34.33,34.51,35.19,35.19,35.03,35.24,34.99,34.96,34.97,35.02,34.85,34.76,35.24,35.19,33.43,33.86,33.91,33.49,33.31,34.58,34.16,35.24,34.99,35.01,,36.8,36.64,Male,21-25,Asian,24.3,16.9,0.7,0,15:45:20,18-04-2020
-0.42,37.52,37.35,36.55,37.02,37.51,37.51,37.37,37.52,37.33,37.33,37.1,37.35,37.27,37.04,37.52,37.51,36.25,36.14,36.21,36.34,35.85,37.18,36.58,37.52,37.47,37.48,,38.55,38.74,Male,21-25,White,24.3,17,0.7,0,16:39:34,18-04-2020
-0.3,34.83,35.2,33.94,34.68,35.12,34.86,35.12,35.14,35.18,35.18,34.48,35.2,34.68,34.33,35.27,35.22,32.64,32.04,32.14,33.59,32.35,34.5,34.5,36.53,36.26,36.34,,37,37.09,Female,18-20,Asian,24.7,30.7,0.6,1,10:15:57,18-04-2023
-0.25,34.85,34.88,32.78,34.33,35.1,34.8,35.1,35.12,34.85,34.85,34.38,34.88,34.71,34.52,35.12,35.1,34.14,33.34,33.08,33.72,33.88,34.58,34.26,35.12,34.67,34.72,,37.1,37.24,Female,18-20,White,25.5,31.6,0.7,0,11:08:01,18-04-2023
-0.33,35.09,35.32,33.71,34.11,35.2,35.16,35.19,35.22,35.31,35.31,35.25,35.32,34.55,35.09,35.32,35.31,34.77,34.85,34.76,34.77,34.88,35.42,35.3,35.43,35.41,35.43,,36.75,36.54,Male,18-20,White,25.9,31.6,0.7,0,11:27:54,18-04-2023
-0.41,35.34,35.15,34.09,34.42,35.43,35.3,35.43,35.46,35.15,35.13,35.13,35.16,35.22,35.09,35.46,35.43,32.71,32.54,32.05,32.33,32.85,33.96,33.21,35.51,35.07,35.14,,36.95,37.04,Male,18-20,Black or African-American,26.6,29.3,0.7,0,13:01:52,18-04-2023
-0.43,35.32,35.82,34.36,35.19,35.48,35.48,35.04,35.52,35.79,35.79,35.57,35.82,34.47,35.48,35.82,35.79,35.28,35.44,35.28,35.23,35.64,36.1,35.71,36.13,35.73,35.77,,36.65,36.79,Female,21-25,Multiracial,27.9,31,0.7,1,14:17:52,18-04-2023
,,,,,,,,,,,,,,,,,,,,,,,,,,,,36.75,36.79,Male,18-20,Asian,26.6,31,0.7,0,14:37:59,18-04-2023
-0.7,36.4,36.25,35.86,35.42,36.46,36.41,36.46,36.48,36.41,36.38,36.41,36.44,36.26,35.8,36.47,36.46,35.84,36.03,36,35.63,35.88,36.29,36.14,36.48,36.33,36.35,,37.15,37.19,Female,18-20,White,27.9,31,0.7,1,15:28:03,18-04-2023
-0.58,35.12,35.56,34.27,35.16,35.09,35.09,35.02,35.12,35.57,35.55,35.54,35.62,34.88,35.48,35.62,35.57,34.7,34.52,35.08,34.33,35.04,35.97,35.56,35.97,35.13,35.17,,36.5,36.59,Female,18-20,Black or African-American,27.9,31,0.7,0,16:57:36,18-04-2023
-0.53,35.74,35.7,34.26,34.81,35.8,35.65,35.8,35.81,35.68,35.64,35.68,35.71,35.63,35.57,35.98,35.94,34.92,35.18,35.22,34.96,35.11,36.64,35.62,36.64,35.94,36.02,,36.85,36.84,Female,18-20,Black or African-American,27.9,31,0.7,1,17:05:46,18-04-2023
-0.62,35.9,35.3,34.69,34.74,35.9,35.9,35.87,35.9,35.48,35.47,35.47,35.48,35.84,34.83,35.9,35.9,34.77,34.58,34.6,34.53,35.06,35.54,35.27,36.24,36.2,36.24,,36.95,36.74,Female,18-20,White,25.2,33.5,0.55,1,11:10:03,18-04-2024
-0.14,35.71,35.6,35.2,35.17,35.68,35.68,35.57,35.71,35.58,35.58,35.34,35.6,35.55,34.92,35.71,35.68,34.46,34.7,34.72,34.48,34.67,35.59,35.04,35.71,35.29,35.3,,37,36.94,Male,18-20,White,25.7,34.7,0.65,0,12:37:36,18-04-2024
-0.6,36.01,36.07,35.75,35.81,36,36,35.68,36.01,36.06,36.06,35.66,36.07,35.69,35.59,36.07,36.06,34.56,34.91,34.94,34.56,34.63,35.51,35.08,36.12,35.88,35.91,,37,37.14,Female,18-20,White,25.8,33.7,0.7,1,14:04:23,18-04-2024
-0.59,36.55,36.59,36.13,36.18,36.52,36.52,36.46,36.55,36.65,36.58,36.65,36.66,36.43,36.55,36.66,36.65,35.45,35.54,35.86,35.42,35.78,36.37,36.29,36.7,36.65,36.7,,37.5,37.79,Female,21-25,Hispanic/Latino,25.4,51.1,0.6,1,10:33:29,18-04-2025
-0.44,35.42,35.77,34.62,34.93,35.41,35.41,35.26,35.42,35.74,35.74,35.55,35.77,34.75,35.27,35.77,35.74,34.41,33.97,34.57,34.19,34.26,34.87,34.87,35.77,35.58,35.59,,37,37.19,Female,18-20,White,25.4,51.1,0.6,1,10:47:43,18-04-2025
-0.51,35.04,35.41,34.77,35.02,35.3,35.1,35.3,35.34,35.42,35.42,35.04,35.47,34.86,34.9,35.56,35.55,34.15,34.14,34.44,34.36,34.07,35.53,34.53,36.21,35.36,35.41,,36.95,37.04,Male,21-25,Black or African-American,25.4,51.1,0.6,0,11:28:53,18-04-2025
-0.48,35.72,36.04,34.34,35.34,35.96,35.83,35.96,35.98,36.04,36.04,35.99,36.08,35.56,35.59,36.08,36.04,35.22,35.15,35.46,34.99,35.06,35.72,35.72,36.18,36.12,36.18,,36.95,36.99,Female,21-25,Hispanic/Latino,25.7,50.8,0.6,1,12:22:18,18-04-2025
-0.48,35.66,35.73,34.66,35.37,35.67,35.66,35.65,35.69,35.71,35.71,35.56,35.73,35.46,35.43,35.73,35.71,34.84,35.08,35.13,35.05,35.05,35.64,35.43,35.73,35.24,35.27,,36.95,36.99,Female,21-25,Asian,25.7,50.8,0.6,0,12:52:10,18-04-2025
-0.41,35.95,35.76,35.54,35.52,35.92,35.92,35.78,35.95,35.7,35.7,35.58,35.76,35.7,35.57,35.95,35.93,35.07,35,35.03,34.93,34.86,35.65,35.31,36.62,36.58,36.62,,37.25,37.19,Female,21-25,White,25.7,50.8,0.6,0,14:51:45,18-04-2025
-0.25,36.67,36.62,36.44,36.32,36.64,36.64,36.54,36.67,36.62,36.58,36.61,36.62,36.46,36.5,36.67,36.64,35.74,35.5,35.61,35.72,35.28,36.59,36.08,36.67,35.76,35.81,,37.35,37.59,Female,18-20,Black or African-American,28,24.3,0.6,0,12:14:51,18-05-2002
-0.49,35.88,35.94,34.53,34.77,35.9,35.85,35.9,35.93,35.98,35.84,35.98,36.05,35.75,35.8,36.05,35.98,34.89,35.18,34.87,34.69,34.57,35.68,35.28,36.05,35.56,35.58,,37.15,37.29,Male,26-30,Hispanic/Latino,25,39.8,0.6,0,17:17:45,18-05-2007
,,,,,,,,,,,,,,,,,,,,,,,,,,,,37.05,37.19,Female,18-20,White,23.8,45.6,0.6,1,15:45:50,18-05-2014
